-- phpMyAdmin SQL Dump
-- version 5.2.1
-- https://www.phpmyadmin.net/
--
-- Hôte : 127.0.0.1:3306
-- Généré le : sam. 29 mars 2025 à 23:24
-- Version du serveur : 8.3.0
-- Version de PHP : 8.2.18

SET SQL_MODE = "NO_AUTO_VALUE_ON_ZERO";
START TRANSACTION;
SET time_zone = "+00:00";


/*!40101 SET @OLD_CHARACTER_SET_CLIENT=@@CHARACTER_SET_CLIENT */;
/*!40101 SET @OLD_CHARACTER_SET_RESULTS=@@CHARACTER_SET_RESULTS */;
/*!40101 SET @OLD_COLLATION_CONNECTION=@@COLLATION_CONNECTION */;
/*!40101 SET NAMES utf8mb4 */;

--
-- Base de données : `iset_mag_db`
--

-- --------------------------------------------------------

--
-- Structure de la table `admin`
--

DROP TABLE IF EXISTS `admin`;
CREATE TABLE IF NOT EXISTS `admin` (
  `IDAdmin` int NOT NULL AUTO_INCREMENT,
  `Nom` varchar(255) NOT NULL,
  `Prenom` varchar(255) NOT NULL,
  `Mail` varchar(255) CHARACTER SET utf8mb4 COLLATE utf8mb4_0900_ai_ci DEFAULT NULL,
  `MDP` varchar(255) NOT NULL,
  `role` int NOT NULL DEFAULT '2',
  `Desactive` int NOT NULL DEFAULT '-1',
  `MarkedAsDeleted` int NOT NULL DEFAULT '-1',
  `Privileges` text,
  PRIMARY KEY (`IDAdmin`)
) ENGINE=InnoDB AUTO_INCREMENT=110 DEFAULT CHARSET=utf8mb4 COLLATE=utf8mb4_0900_ai_ci;

--
-- Déchargement des données de la table `admin`
--

INSERT INTO `admin` (`IDAdmin`, `Nom`, `Prenom`, `Mail`, `MDP`, `role`, `Desactive`, `MarkedAsDeleted`, `Privileges`) VALUES
(1, 'Ben Ali', 'Selim', 'selimbenali2003@gmail.com', '00e8abc15c7bab733f48be352b9f3765a4e1b4ef74ed76831cfb3976058a5911', 1, -1, -1, NULL),
(2, 'Chef ', 'Département', 'chef@gmail.com', 'aec280d75f4c584b20e968910b94fe1fc7afc7eabfb75464bc5b76f840f05cb8', 1, -1, -1, NULL),
(103, 'Messoudi', 'Radhya', 'radhiamessoudi292@gmail.com', '9d4f7741dc6723a4ef31a1aa459bbd6839e5b33b797087973425cbc441a6e178', 2, -1, -1, NULL),
(109, 'try', 'try', 'testessai444@gmail.com', '87a08b1dd9a0bb236fe3404732a01b19511d9cc5aade73aebfb3f42cb5d9412b', 2, -1, -1, NULL);

-- --------------------------------------------------------

--
-- Structure de la table `bloc`
--

DROP TABLE IF EXISTS `bloc`;
CREATE TABLE IF NOT EXISTS `bloc` (
  `IDBloc` int NOT NULL AUTO_INCREMENT,
  `Nom` varchar(255) NOT NULL,
  PRIMARY KEY (`IDBloc`)
) ENGINE=InnoDB AUTO_INCREMENT=8 DEFAULT CHARSET=utf8mb4 COLLATE=utf8mb4_0900_ai_ci;

--
-- Déchargement des données de la table `bloc`
--

INSERT INTO `bloc` (`IDBloc`, `Nom`) VALUES
(1, 'B'),
(2, 'A'),
(5, 'G'),
(6, 'D'),
(7, 'C');

-- --------------------------------------------------------

--
-- Structure de la table `etat`
--

DROP TABLE IF EXISTS `etat`;
CREATE TABLE IF NOT EXISTS `etat` (
  `IDEtat` int NOT NULL AUTO_INCREMENT,
  `Nom` varchar(255) NOT NULL,
  `Description` text NOT NULL,
  PRIMARY KEY (`IDEtat`)
) ENGINE=InnoDB AUTO_INCREMENT=3 DEFAULT CHARSET=utf8mb4 COLLATE=utf8mb4_0900_ai_ci;

--
-- Déchargement des données de la table `etat`
--

INSERT INTO `etat` (`IDEtat`, `Nom`, `Description`) VALUES
(1, 'Bonne Etat', ''),
(2, 'Panne', '');

-- --------------------------------------------------------

--
-- Structure de la table `fournisseur`
--

DROP TABLE IF EXISTS `fournisseur`;
CREATE TABLE IF NOT EXISTS `fournisseur` (
  `IDFournisseur` int NOT NULL AUTO_INCREMENT,
  `Nom` varchar(255) NOT NULL,
  `Tel` varchar(255) CHARACTER SET utf8mb4 COLLATE utf8mb4_0900_ai_ci DEFAULT NULL,
  PRIMARY KEY (`IDFournisseur`)
) ENGINE=InnoDB AUTO_INCREMENT=168 DEFAULT CHARSET=utf8mb4 COLLATE=utf8mb4_0900_ai_ci;

--
-- Déchargement des données de la table `fournisseur`
--

INSERT INTO `fournisseur` (`IDFournisseur`, `Nom`, `Tel`) VALUES
(156, 'CBE', NULL),
(157, 'IGL INDUSTRIE', NULL),
(158, 'ISET BIZERTE', NULL),
(159, 'ISET CHARGUIA', NULL),
(160, 'BTS', NULL),
(161, 'BITS', NULL),
(162, 'ATC', NULL),
(163, 'MICROLUX', NULL),
(164, 'ORANGE', NULL),
(165, 'D.M.I', NULL),
(166, 'TBI', NULL),
(167, 'XTREME', NULL);

-- --------------------------------------------------------

--
-- Structure de la table `hardware`
--

DROP TABLE IF EXISTS `hardware`;
CREATE TABLE IF NOT EXISTS `hardware` (
  `IDHardware` int NOT NULL AUTO_INCREMENT,
  `IDModel` int NOT NULL,
  `IDFournisseur` int DEFAULT NULL,
  `IDMagasin` int DEFAULT NULL,
  `IDSalle` int DEFAULT NULL,
  `NumeroInventaire` varchar(255) NOT NULL,
  `DateAchat` datetime DEFAULT NULL,
  `DateAjout` datetime NOT NULL DEFAULT CURRENT_TIMESTAMP,
  `DateMiseEnService` datetime DEFAULT NULL,
  `Code` text CHARACTER SET utf8mb4 COLLATE utf8mb4_0900_ai_ci,
  `IDEtat` int NOT NULL DEFAULT '1',
  `HistoriqueRelation` json DEFAULT NULL,
  `MarkedAsDeleted` int NOT NULL DEFAULT '-1',
  PRIMARY KEY (`IDHardware`),
  KEY `IDModel` (`IDModel`),
  KEY `IDMagasin` (`IDMagasin`),
  KEY `IDFournisseur` (`IDFournisseur`),
  KEY `IDSalle` (`IDSalle`)
) ENGINE=InnoDB AUTO_INCREMENT=1078 DEFAULT CHARSET=utf8mb4 COLLATE=utf8mb4_0900_ai_ci;

--
-- Déchargement des données de la table `hardware`
--

INSERT INTO `hardware` (`IDHardware`, `IDModel`, `IDFournisseur`, `IDMagasin`, `IDSalle`, `NumeroInventaire`, `DateAchat`, `DateAjout`, `DateMiseEnService`, `Code`, `IDEtat`, `HistoriqueRelation`, `MarkedAsDeleted`) VALUES
(717, 142, 156, NULL, 47, '22293001', '2017-12-29 00:00:00', '2025-03-27 14:27:41', NULL, '7000022293001', 1, NULL, -1),
(718, 142, 156, NULL, 47, '22295001', '2017-12-29 00:00:00', '2025-03-27 14:27:41', NULL, '7000022295001', 1, NULL, -1),
(719, 142, 156, NULL, 47, '22274001', '2017-12-29 00:00:00', '2025-03-27 14:27:41', NULL, '7000022274001', 1, NULL, -1),
(720, 142, 156, NULL, 47, '22276001', '2017-12-29 00:00:00', '2025-03-27 14:27:41', NULL, '7000022276001', 1, NULL, -1),
(721, 142, 156, NULL, 47, '22277001', '2017-12-29 00:00:00', '2025-03-27 14:27:41', NULL, '7000022277001', 1, NULL, -1),
(722, 142, 156, NULL, 48, '22279001', '2017-12-29 00:00:00', '2025-03-27 14:27:41', NULL, '7000022279001', 1, NULL, -1),
(723, 142, 156, NULL, 48, '22288001', '2017-12-29 00:00:00', '2025-03-27 14:27:41', NULL, '7000022288001', 1, NULL, -1),
(724, 142, 156, NULL, 48, '22275001', '2017-12-29 00:00:00', '2025-03-27 14:27:41', NULL, '7000022275001', 1, NULL, -1),
(725, 142, 156, NULL, 48, '22289001', '2017-12-29 00:00:00', '2025-03-27 14:27:41', NULL, '7000022289001', 1, NULL, -1),
(726, 142, 156, NULL, 48, '22290001', '2017-12-29 00:00:00', '2025-03-27 14:27:41', NULL, '7000022290001', 1, NULL, -1),
(727, 142, 157, NULL, 48, '20823001', '2011-03-26 00:00:00', '2025-03-27 14:27:41', NULL, '7000020823001', 1, NULL, -1),
(728, 143, 158, NULL, 49, '22011001', '2016-12-02 00:00:00', '2025-03-27 14:27:41', NULL, '7000022011001', 1, NULL, -1),
(729, 143, 159, NULL, 49, '22064001', '2016-12-02 00:00:00', '2025-03-27 14:27:41', NULL, '7000022064001', 1, NULL, -1),
(730, 143, 159, NULL, 49, '22066001', '2016-12-02 00:00:00', '2025-03-27 14:27:41', NULL, '7000022066001', 1, NULL, -1),
(731, 143, 159, NULL, 49, '22063001', '2016-12-02 00:00:00', '2025-03-27 14:27:41', NULL, '7000022063001', 1, NULL, -1),
(732, 143, 159, NULL, 49, '22067001', '2016-12-02 00:00:00', '2025-03-27 14:27:41', NULL, '7000022067001', 1, NULL, -1),
(733, 143, 159, NULL, 49, '22068001', '2016-12-02 00:00:00', '2025-03-27 14:27:41', NULL, '7000022068001', 1, NULL, -1),
(734, 143, 159, NULL, 49, '22144001', '2016-08-02 00:00:00', '2025-03-27 14:27:42', NULL, '7000022144001', 1, NULL, -1),
(735, 142, 156, NULL, 50, '22280001', '2017-12-29 00:00:00', '2025-03-27 14:27:42', NULL, '7000022280001', 1, NULL, -1),
(736, 142, 156, NULL, 50, '22284001', '2017-12-29 00:00:00', '2025-03-27 14:27:42', NULL, '7000022284001', 1, NULL, -1),
(737, 142, 156, NULL, 50, '22285001', '2017-12-29 00:00:00', '2025-03-27 14:27:42', NULL, '7000022285001', 1, NULL, -1),
(738, 142, 156, NULL, 50, '22286001', '2017-12-29 00:00:00', '2025-03-27 14:27:42', NULL, '7000022286001', 1, NULL, -1),
(739, 142, 156, NULL, 50, '22283001', '2017-12-29 00:00:00', '2025-03-27 14:27:42', NULL, '7000022283001', 1, NULL, -1),
(740, 142, 156, NULL, 50, '22282001', '2017-12-29 00:00:00', '2025-03-27 14:27:42', NULL, '7000022282001', 1, NULL, -1),
(741, 142, 156, NULL, 50, '22281001', '2017-12-29 00:00:00', '2025-03-27 14:27:42', NULL, '7000022281001', 1, NULL, -1),
(742, 143, 159, NULL, 51, '62716701', '2016-09-29 00:00:00', '2025-03-27 14:27:42', NULL, '7000062716701', 1, NULL, -1),
(743, 143, 159, NULL, 51, '62716901', '2016-09-29 00:00:00', '2025-03-27 14:27:42', NULL, '7000062716901', 1, NULL, -1),
(744, 143, 157, NULL, 51, '20812001', '2016-09-29 00:00:00', '2025-03-27 14:27:42', NULL, '7000020812001', 1, NULL, -1),
(745, 143, 159, NULL, 51, '62717301', '2016-09-29 00:00:00', '2025-03-27 14:27:42', NULL, '7000062717301', 1, NULL, -1),
(746, 143, 159, NULL, 51, '62717001', '2016-09-29 00:00:00', '2025-03-27 14:27:42', NULL, '7000062717001', 1, NULL, -1),
(747, 143, 159, NULL, 51, '62717201', '2016-09-29 00:00:00', '2025-03-27 14:27:42', NULL, '7000062717201', 1, NULL, -1),
(748, 143, 159, NULL, 51, '62716801', '2016-09-29 00:00:00', '2025-03-27 14:27:42', NULL, '7000062716801', 1, NULL, -1),
(749, 144, 160, NULL, 52, '21373001', '2013-07-17 00:00:00', '2025-03-27 14:27:42', NULL, '7000021373001', 1, NULL, -1),
(750, 144, 161, NULL, 52, '21371001', '2013-07-17 00:00:00', '2025-03-27 14:27:42', NULL, '7000021371001', 1, NULL, -1),
(751, 144, 161, NULL, 52, '21372001', '2013-07-17 00:00:00', '2025-03-27 14:27:42', NULL, '7000021372001', 1, NULL, -1),
(752, 144, 161, NULL, 52, '21366001', '2013-07-17 00:00:00', '2025-03-27 14:27:42', NULL, '7000021366001', 1, NULL, -1),
(753, 144, 161, NULL, 52, '21413001', '2013-07-17 00:00:00', '2025-03-27 14:27:42', NULL, '7000021413001', 1, NULL, -1),
(754, 144, 161, NULL, 52, '21379001', '2013-07-17 00:00:00', '2025-03-27 14:27:42', NULL, '7000021379001', 1, NULL, -1),
(755, 144, 161, NULL, 52, '21369001', '2013-07-17 00:00:00', '2025-03-27 14:27:42', NULL, '7000021369001', 1, NULL, -1),
(756, 144, 161, NULL, 52, '21370001', '2013-07-17 00:00:00', '2025-03-27 14:27:42', NULL, '7000021370001', 1, NULL, -1),
(757, 145, 162, NULL, 53, '23161001', '2023-12-14 00:00:00', '2025-03-27 14:27:42', NULL, '7000023161001', 1, NULL, -1),
(758, 145, 162, NULL, 53, '23166001', '2023-12-14 00:00:00', '2025-03-27 14:27:42', NULL, '7000023166001', 1, NULL, -1),
(759, 145, 162, NULL, 53, '23162001', '2023-12-14 00:00:00', '2025-03-27 14:27:42', NULL, '7000023162001', 1, NULL, -1),
(760, 145, 162, NULL, 53, '23164001', '2023-12-14 00:00:00', '2025-03-27 14:27:42', NULL, '7000023164001', 1, NULL, -1),
(761, 145, 162, NULL, 53, '23167001', '2023-12-14 00:00:00', '2025-03-27 14:27:43', NULL, '7000023167001', 1, NULL, -1),
(762, 145, 162, NULL, 53, '23163001', '2023-12-14 00:00:00', '2025-03-27 14:27:43', NULL, '7000023163001', 1, NULL, -1),
(763, 145, 162, NULL, 53, '23165001', '2023-12-14 00:00:00', '2025-03-27 14:27:43', NULL, '7000023165001', 1, NULL, -1),
(764, 145, 162, NULL, 54, '23172001', '2023-12-14 00:00:00', '2025-03-27 14:27:43', NULL, '7000023172001', 1, NULL, -1),
(765, 145, 162, NULL, 54, '23173001', '2023-12-14 00:00:00', '2025-03-27 14:27:43', NULL, '7000023173001', 1, NULL, -1),
(766, 145, 162, NULL, 54, '23169002', '2023-12-14 00:00:00', '2025-03-27 14:27:43', NULL, '7000023169002', 1, NULL, -1),
(767, 145, 162, NULL, 54, '23168002', '2023-12-14 00:00:00', '2025-03-27 14:27:43', NULL, '7000023168002', 1, NULL, -1),
(768, 145, 162, NULL, 54, '23170002', '2023-12-14 00:00:00', '2025-03-27 14:27:43', NULL, '7000023170002', 1, NULL, -1),
(769, 145, 162, NULL, 54, '23171002', '2023-12-14 00:00:00', '2025-03-27 14:27:43', NULL, '7000023171002', 1, NULL, -1),
(770, 145, 162, NULL, 54, '23174002', '2023-12-14 00:00:00', '2025-03-27 14:27:43', NULL, '7000023174002', 1, NULL, -1),
(771, 144, 161, NULL, 55, '21443001', '2013-07-17 00:00:00', '2025-03-27 14:27:43', NULL, '7000021443001', 1, NULL, -1),
(772, 145, 161, NULL, 55, '21450001', '2012-03-26 00:00:00', '2025-03-27 14:27:43', NULL, '7000021450001', 1, NULL, -1),
(773, 144, 161, NULL, 55, '21444001', '2013-07-17 00:00:00', '2025-03-27 14:27:43', NULL, '7000021444001', 1, NULL, -1),
(774, 144, 161, NULL, 55, '21447001', '2013-07-17 00:00:00', '2025-03-27 14:27:43', NULL, '7000021447001', 1, NULL, -1),
(775, 144, 161, NULL, 55, '21480001', '2013-07-17 00:00:00', '2025-03-27 14:27:43', NULL, '7000021480001', 1, NULL, -1),
(776, 144, 161, NULL, 55, '21445001', '2013-07-17 00:00:00', '2025-03-27 14:27:43', NULL, '7000021445001', 1, NULL, -1),
(777, 144, 161, NULL, 55, '21446001', '2013-07-17 00:00:00', '2025-03-27 14:27:43', NULL, '7000021446001', 1, NULL, -1),
(778, 144, 161, NULL, 56, '21452001', '2013-07-17 00:00:00', '2025-03-27 14:27:43', NULL, '7000021452001', 1, NULL, -1),
(779, 144, 161, NULL, 56, '21454001', '2013-07-17 00:00:00', '2025-03-27 14:27:43', NULL, '7000021454001', 1, NULL, -1),
(780, 144, 161, NULL, 57, '21435001', '2013-07-17 00:00:00', '2025-03-27 14:27:43', NULL, '7000021435001', 1, NULL, -1),
(781, 144, 161, NULL, 56, '21455001', '2013-07-17 00:00:00', '2025-03-27 14:27:43', NULL, '7000021455001', 1, NULL, -1),
(782, 144, 161, NULL, 56, '21449001', '2013-07-17 00:00:00', '2025-03-27 14:27:43', NULL, '7000021449001', 1, NULL, -1),
(783, 144, 161, NULL, 56, '21453001', '2013-07-17 00:00:00', '2025-03-27 14:27:43', NULL, '7000021453001', 1, NULL, -1),
(784, 144, 161, NULL, 56, '21451001', '2013-07-17 00:00:00', '2025-03-27 14:27:43', NULL, '7000021451001', 1, NULL, -1),
(785, 144, 161, NULL, 57, '21440001', '2013-07-17 00:00:00', '2025-03-27 14:27:43', NULL, '7000021440001', 1, NULL, -1),
(786, 144, 161, NULL, 57, '21436001', '2013-07-17 00:00:00', '2025-03-27 14:27:43', NULL, '7000021436001', 1, NULL, -1),
(787, 144, 161, NULL, 57, '21438001', '2013-07-17 00:00:00', '2025-03-27 14:27:44', NULL, '7000021438001', 1, NULL, -1),
(788, 144, 161, NULL, 57, '21439001', '2013-07-17 00:00:00', '2025-03-27 14:27:44', NULL, '7000021439001', 1, NULL, -1),
(789, 144, 161, NULL, 57, '21441001', '2013-07-17 00:00:00', '2025-03-27 14:27:44', NULL, '7000021441001', 1, NULL, -1),
(790, 144, 161, NULL, 57, '21437001', '2013-07-17 00:00:00', '2025-03-27 14:27:44', NULL, '7000021437001', 1, NULL, -1),
(791, 145, 162, NULL, 58, '23129001', '2023-12-14 00:00:00', '2025-03-27 14:27:44', NULL, '7000023129001', 1, NULL, -1),
(792, 145, 162, NULL, 58, '23130001', '2023-12-14 00:00:00', '2025-03-27 14:27:44', NULL, '7000023130001', 1, NULL, -1),
(793, 145, 162, NULL, 58, '23131001', '2023-12-14 00:00:00', '2025-03-27 14:27:44', NULL, '7000023131001', 1, NULL, -1),
(794, 145, 162, NULL, 58, '23133001', '2023-12-14 00:00:00', '2025-03-27 14:27:44', NULL, '7000023133001', 1, NULL, -1),
(795, 145, 162, NULL, 58, '23134001', '2023-12-14 00:00:00', '2025-03-27 14:27:44', NULL, '7000023134001', 1, NULL, -1),
(796, 145, 162, NULL, 58, '23135001', '2023-12-14 00:00:00', '2025-03-27 14:27:44', NULL, '7000023135001', 1, NULL, -1),
(797, 145, 162, NULL, 58, '23136001', '2023-12-14 00:00:00', '2025-03-27 14:27:44', NULL, '7000023136001', 1, NULL, -1),
(798, 145, 162, NULL, 59, '23137001', '2023-12-14 00:00:00', '2025-03-27 14:27:44', NULL, '7000023137001', 1, NULL, -1),
(799, 145, 162, NULL, 59, '23138001', '2023-12-14 00:00:00', '2025-03-27 14:27:44', NULL, '7000023138001', 1, NULL, -1),
(800, 145, 162, NULL, 59, '23139001', '2023-12-14 00:00:00', '2025-03-27 14:27:44', NULL, '7000023139001', 1, NULL, -1),
(801, 145, 162, NULL, 59, '23140001', '2023-12-14 00:00:00', '2025-03-27 14:27:44', NULL, '7000023140001', 1, NULL, -1),
(802, 145, 162, NULL, 59, '23141001', '2023-12-14 00:00:00', '2025-03-27 14:27:44', NULL, '7000023141001', 1, NULL, -1),
(803, 145, 162, NULL, 59, '23142001', '2023-12-14 00:00:00', '2025-03-27 14:27:44', NULL, '7000023142001', 1, NULL, -1),
(804, 145, 162, NULL, 59, '23143001', '2023-12-14 00:00:00', '2025-03-27 14:27:44', NULL, '7000023143001', 1, NULL, -1),
(805, 145, 162, NULL, 60, '23144001', '2023-12-14 00:00:00', '2025-03-27 14:27:44', NULL, '7000023144001', 1, NULL, -1),
(806, 145, 162, NULL, 60, '23145001', '2023-12-14 00:00:00', '2025-03-27 14:27:44', NULL, '7000023145001', 1, NULL, -1),
(807, 145, 162, NULL, 60, '23146001', '2023-12-14 00:00:00', '2025-03-27 14:27:44', NULL, '7000023146001', 1, NULL, -1),
(808, 145, 162, NULL, 60, '23147001', '2023-12-14 00:00:00', '2025-03-27 14:27:44', NULL, '7000023147001', 1, NULL, -1),
(809, 145, 162, NULL, 60, '23150001', '2023-12-14 00:00:00', '2025-03-27 14:27:44', NULL, '7000023150001', 1, NULL, -1),
(810, 145, 162, NULL, 60, '23149001', '2023-12-14 00:00:00', '2025-03-27 14:27:44', NULL, '7000023149001', 1, NULL, -1),
(811, 145, 162, NULL, 60, '23156001', '2023-12-14 00:00:00', '2025-03-27 14:27:44', NULL, '7000023156001', 1, NULL, -1),
(812, 145, 162, NULL, 61, '23151001', '2023-12-14 00:00:00', '2025-03-27 14:27:44', NULL, '7000023151001', 1, NULL, -1),
(813, 145, 162, NULL, 60, '23152001', '2023-12-14 00:00:00', '2025-03-27 14:27:44', NULL, '7000023152001', 1, NULL, -1),
(814, 145, 162, NULL, 60, '23153001', '2023-12-14 00:00:00', '2025-03-27 14:27:44', NULL, '7000023153001', 1, NULL, -1),
(815, 145, 162, NULL, 60, '23154001', '2023-12-14 00:00:00', '2025-03-27 14:27:44', NULL, '7000023154001', 1, NULL, -1),
(816, 145, 162, NULL, 60, '23155001', '2023-12-14 00:00:00', '2025-03-27 14:27:45', NULL, '7000023155001', 1, NULL, -1),
(817, 145, 162, NULL, 61, '23157001', '2023-12-14 00:00:00', '2025-03-27 14:27:45', NULL, '7000023157001', 1, NULL, -1),
(818, 146, 163, NULL, 61, '20852001', '2011-09-13 00:00:00', '2025-03-27 14:27:45', NULL, '7000020852001', 1, NULL, -1),
(819, 145, 162, NULL, 61, '23158001', '2023-12-14 00:00:00', '2025-03-27 14:27:45', NULL, '7000023158001', 1, NULL, -1),
(820, 147, 164, NULL, 66, '21720301', '2017-04-20 00:00:00', '2025-03-27 14:27:45', NULL, '7000021720301', 1, NULL, -1),
(821, 147, 164, NULL, 66, '21720601', '2017-04-20 00:00:00', '2025-03-27 14:27:45', NULL, '7000021720601', 1, NULL, -1),
(822, 147, 164, NULL, 66, '21720801', '2017-04-20 00:00:00', '2025-03-27 14:27:45', NULL, '7000021720801', 1, NULL, -1),
(823, 147, 164, NULL, 66, '21720401', '2017-04-20 00:00:00', '2025-03-27 14:27:45', NULL, '7000021720401', 1, NULL, -1),
(824, 147, 164, NULL, 66, '21720501', '2017-04-20 00:00:00', '2025-03-27 14:27:45', NULL, '7000021720501', 1, NULL, -1),
(825, 147, 164, NULL, 66, '21720901', '2017-04-20 00:00:00', '2025-03-27 14:27:45', NULL, '7000021720901', 1, NULL, -1),
(826, 147, 164, NULL, 66, '21721101', '2017-04-20 00:00:00', '2025-03-27 14:27:45', NULL, '7000021721101', 1, NULL, -1),
(827, 147, 164, NULL, 66, '21721001', '2017-04-20 00:00:00', '2025-03-27 14:27:45', NULL, '7000021721001', 1, NULL, -1),
(828, 148, 164, NULL, 66, '92860001', '2017-04-20 00:00:00', '2025-03-27 14:27:45', NULL, '7000092860001', 1, NULL, -1),
(829, 147, 164, NULL, 66, '21720701', '2017-04-20 00:00:00', '2025-03-27 14:27:45', NULL, '7000021720701', 1, NULL, -1),
(830, 137, 156, NULL, 47, '22293002', '2017-12-29 00:00:00', '2025-03-27 14:28:08', NULL, '7000022293002', 1, NULL, -1),
(831, 137, 156, NULL, 47, '22295002', '2017-12-29 00:00:00', '2025-03-27 14:28:08', NULL, '7000022295002', 1, NULL, -1),
(832, 137, 156, NULL, 47, '22274002', '2017-12-29 00:00:00', '2025-03-27 14:28:08', NULL, '7000022274002', 1, NULL, -1),
(833, 137, 156, NULL, 47, '22276002', '2017-12-29 00:00:00', '2025-03-27 14:28:08', NULL, '7000022276002', 1, NULL, -1),
(834, 137, 156, NULL, 47, '22277002', '2017-12-29 00:00:00', '2025-03-27 14:28:08', NULL, '7000022277002', 1, NULL, -1),
(835, 137, 156, NULL, 48, '22279001', '2017-12-29 00:00:00', '2025-03-27 14:28:08', NULL, '7000022279001', 1, NULL, -1),
(836, 137, 156, NULL, 50, '22284001', '2017-12-29 00:00:00', '2025-03-27 14:28:09', NULL, '7000022284001', 1, NULL, -1),
(837, 137, 156, NULL, 48, '22275001', '2017-12-29 00:00:00', '2025-03-27 14:28:09', NULL, '7000022275001', 1, NULL, -1),
(838, 137, 156, NULL, 48, '22289001', '2017-12-29 00:00:00', '2025-03-27 14:28:09', NULL, '7000022289001', 1, NULL, -1),
(839, 137, 156, NULL, 48, '22291001', '2017-12-29 00:00:00', '2025-03-27 14:28:09', NULL, '7000022291001', 1, NULL, -1),
(840, 137, 156, NULL, 48, '22290001', '2017-12-29 00:00:00', '2025-03-27 14:28:09', NULL, '7000022290001', 1, NULL, -1),
(841, 138, 159, NULL, 49, '22063002', '2016-12-02 00:00:00', '2025-03-27 14:28:09', NULL, '7000022063002', 1, NULL, -1),
(842, 138, 159, NULL, 49, '22064002', '2016-12-02 00:00:00', '2025-03-27 14:28:09', NULL, '7000022064002', 1, NULL, -1),
(843, 138, 159, NULL, 49, '22066002', '2016-12-02 00:00:00', '2025-03-27 14:28:09', NULL, '7000022066002', 1, NULL, -1),
(844, 138, 159, NULL, 49, '21970002', '2016-12-02 00:00:00', '2025-03-27 14:28:09', NULL, '7000021970002', 1, NULL, -1),
(845, 138, 159, NULL, 49, '22068002', '2016-12-02 00:00:00', '2025-03-27 14:28:09', NULL, '7000022068002', 1, NULL, -1),
(846, 138, 158, NULL, 49, '22011002', '2016-09-29 00:00:00', '2025-03-27 14:28:09', NULL, '7000022011002', 1, NULL, -1),
(847, 138, 158, NULL, 49, '22067002', '2016-09-29 00:00:00', '2025-03-27 14:28:09', NULL, '7000022067002', 1, NULL, -1),
(848, 137, 156, NULL, 50, '22280002', '2017-12-29 00:00:00', '2025-03-27 14:28:09', NULL, '7000022280002', 1, NULL, -1),
(849, 137, 156, NULL, 50, '22284002', '2017-12-29 00:00:00', '2025-03-27 14:28:09', NULL, '7000022284002', 1, NULL, -1),
(850, 137, 156, NULL, 50, '22285002', '2017-12-29 00:00:00', '2025-03-27 14:28:09', NULL, '7000022285002', 1, NULL, -1),
(851, 137, 156, NULL, 50, '22286002', '2017-12-29 00:00:00', '2025-03-27 14:28:09', NULL, '7000022286002', 1, NULL, -1),
(852, 137, 156, NULL, 50, '22283002', '2017-12-29 00:00:00', '2025-03-27 14:28:09', NULL, '7000022283002', 1, NULL, -1),
(853, 137, 156, NULL, 50, '22282002', '2017-12-29 00:00:00', '2025-03-27 14:28:09', NULL, '7000022282002', 1, NULL, -1),
(854, 137, 156, NULL, 50, '22281002', '2017-12-29 00:00:00', '2025-03-27 14:28:09', NULL, '7000022281002', 1, NULL, -1),
(855, 138, 159, NULL, 51, '62616602', '2016-09-29 00:00:00', '2025-03-27 14:28:09', NULL, '7000062616602', 1, NULL, -1),
(856, 138, 159, NULL, 51, '62616902', '2016-09-29 00:00:00', '2025-03-27 14:28:09', NULL, '7000062616902', 1, NULL, -1),
(857, 138, 159, NULL, 51, '62616802', '2016-09-29 00:00:00', '2025-03-27 14:28:09', NULL, '7000062616802', 1, NULL, -1),
(858, 138, 159, NULL, 51, '62616702', '2016-09-29 00:00:00', '2025-03-27 14:28:09', NULL, '7000062616702', 1, NULL, -1),
(859, 138, 158, NULL, 51, '22004002', '2016-09-29 00:00:00', '2025-03-27 14:28:09', NULL, '7000022004002', 1, NULL, -1),
(860, 138, 158, NULL, 51, '22006002', '2016-09-29 00:00:00', '2025-03-27 14:28:09', NULL, '7000022006002', 1, NULL, -1),
(861, 138, 158, NULL, 51, '62717202', '2016-09-29 00:00:00', '2025-03-27 14:28:09', NULL, '7000062717202', 1, NULL, -1),
(862, 138, 158, NULL, 51, '22080002', '2016-09-29 00:00:00', '2025-03-27 14:28:09', NULL, '7000022080002', 1, NULL, -1),
(863, 138, 158, NULL, 51, '62617302', '2016-09-29 00:00:00', '2025-03-27 14:28:09', NULL, '7000062617302', 1, NULL, -1),
(864, 139, 161, NULL, 52, '21373002', '2013-07-17 00:00:00', '2025-03-27 14:28:09', NULL, '7000021373002', 1, NULL, -1),
(865, 139, 161, NULL, 52, '21456002', '2013-07-17 00:00:00', '2025-03-27 14:28:09', NULL, '7000021456002', 1, NULL, -1),
(866, 139, 161, NULL, 52, '21462002', '2013-07-17 00:00:00', '2025-03-27 14:28:10', NULL, '7000021462002', 1, NULL, -1),
(867, 139, 161, NULL, 52, '21437002', '2013-07-17 00:00:00', '2025-03-27 14:28:10', NULL, '7000021437002', 1, NULL, -1),
(868, 139, 161, NULL, 52, '21503002', '2013-07-17 00:00:00', '2025-03-27 14:28:10', NULL, '7000021503002', 1, NULL, -1),
(869, 139, 161, NULL, 52, '21504002', '2013-07-17 00:00:00', '2025-03-27 14:28:10', NULL, '7000021504002', 1, NULL, -1),
(870, 139, 161, NULL, 52, '21460002', '2013-07-17 00:00:00', '2025-03-27 14:28:10', NULL, '7000021460002', 1, NULL, -1),
(871, 139, 161, NULL, 52, '21457002', '2013-07-17 00:00:00', '2025-03-27 14:28:10', NULL, '7000021457002', 1, NULL, -1),
(872, 139, 161, NULL, 52, '21463002', '2013-07-17 00:00:00', '2025-03-27 14:28:10', NULL, '7000021463002', 1, NULL, -1),
(873, 140, 162, NULL, 53, '23338002', '2023-12-14 00:00:00', '2025-03-27 14:28:10', NULL, '7000023338002', 1, NULL, -1),
(874, 140, 162, NULL, 53, '23343002', '2023-12-14 00:00:00', '2025-03-27 14:28:10', NULL, '7000023343002', 1, NULL, -1),
(875, 140, 162, NULL, 53, '23339002', '2023-12-14 00:00:00', '2025-03-27 14:28:10', NULL, '7000023339002', 1, NULL, -1),
(876, 140, 162, NULL, 53, '23341002', '2023-12-14 00:00:00', '2025-03-27 14:28:10', NULL, '7000023341002', 1, NULL, -1),
(877, 140, 162, NULL, 53, '23344002', '2023-12-14 00:00:00', '2025-03-27 14:28:10', NULL, '7000023344002', 1, NULL, -1),
(878, 140, 162, NULL, 53, '23340002', '2023-12-14 00:00:00', '2025-03-27 14:28:10', NULL, '7000023340002', 1, NULL, -1),
(879, 140, 162, NULL, 53, '23420002', '2023-12-14 00:00:00', '2025-03-27 14:28:10', NULL, '7000023420002', 1, NULL, -1),
(880, 140, 162, NULL, 54, '23349002', '2023-12-14 00:00:00', '2025-03-27 14:28:10', NULL, '7000023349002', 1, NULL, -1),
(881, 140, 162, NULL, 54, '23350002', '2023-12-14 00:00:00', '2025-03-27 14:28:10', NULL, '7000023350002', 1, NULL, -1),
(882, 140, 162, NULL, 54, '23346002', '2023-12-14 00:00:00', '2025-03-27 14:28:10', NULL, '7000023346002', 1, NULL, -1),
(883, 140, 162, NULL, 54, '23345002', '2023-12-14 00:00:00', '2025-03-27 14:28:10', NULL, '7000023345002', 1, NULL, -1),
(884, 140, 162, NULL, 54, '23347002', '2023-12-14 00:00:00', '2025-03-27 14:28:10', NULL, '7000023347002', 1, NULL, -1),
(885, 140, 162, NULL, 54, '23348002', '2023-12-14 00:00:00', '2025-03-27 14:28:10', NULL, '7000023348002', 1, NULL, -1),
(886, 140, 162, NULL, 54, '23351002', '2023-12-14 00:00:00', '2025-03-27 14:28:10', NULL, '7000023351002', 1, NULL, -1),
(887, 139, 161, NULL, 55, '21362002', '2013-07-17 00:00:00', '2025-03-27 14:28:10', NULL, '7000021362002', 1, NULL, -1),
(888, 139, 161, NULL, 57, '21345002', '2012-03-26 00:00:00', '2025-03-27 14:28:10', NULL, '7000021345002', 1, NULL, -1),
(889, 139, 161, NULL, 55, '21354002', '2013-07-17 00:00:00', '2025-03-27 14:28:10', NULL, '7000021354002', 1, NULL, -1),
(890, 139, 161, NULL, 55, '21356002', '2013-07-17 00:00:00', '2025-03-27 14:28:10', NULL, '7000021356002', 1, NULL, -1),
(891, 139, 161, NULL, 55, '21355002', '2013-07-17 00:00:00', '2025-03-27 14:28:10', NULL, '7000021355002', 1, NULL, -1),
(892, 139, 161, NULL, 55, '21358002', '2013-07-17 00:00:00', '2025-03-27 14:28:10', NULL, '7000021358002', 1, NULL, -1),
(893, 139, 161, NULL, 55, '21357002', '2013-07-17 00:00:00', '2025-03-27 14:28:10', NULL, '7000021357002', 1, NULL, -1),
(894, 139, 161, NULL, 56, '21364002', '2013-07-17 00:00:00', '2025-03-27 14:28:10', NULL, '7000021364002', 1, NULL, -1),
(895, 139, 161, NULL, 56, '21352002', '2013-07-17 00:00:00', '2025-03-27 14:28:10', NULL, '7000021352002', 1, NULL, -1),
(896, 139, 161, NULL, 57, '21349002', '2013-07-17 00:00:00', '2025-03-27 14:28:11', NULL, '7000021349002', 1, NULL, -1),
(897, 139, 161, NULL, 56, '21365002', '2013-07-17 00:00:00', '2025-03-27 14:28:11', NULL, '7000021365002', 1, NULL, -1),
(898, 139, 161, NULL, 56, '21342002', '2013-07-17 00:00:00', '2025-03-27 14:28:11', NULL, '7000021342002', 1, NULL, -1),
(899, 139, 161, NULL, 56, '21361002', '2013-07-17 00:00:00', '2025-03-27 14:28:11', NULL, '7000021361002', 1, NULL, -1),
(900, 139, 161, NULL, 56, '21363002', '2013-07-17 00:00:00', '2025-03-27 14:28:11', NULL, '7000021363002', 1, NULL, -1),
(901, 139, 161, NULL, 57, '21346002', '2013-07-17 00:00:00', '2025-03-27 14:28:11', NULL, '7000021346002', 1, NULL, -1),
(902, 139, 161, NULL, 57, '21347002', '2013-07-17 00:00:00', '2025-03-27 14:28:11', NULL, '7000021347002', 1, NULL, -1),
(903, 139, 161, NULL, 57, '21348002', '2013-07-17 00:00:00', '2025-03-27 14:28:11', NULL, '7000021348002', 1, NULL, -1),
(904, 139, 161, NULL, 57, '21351002', '2013-07-17 00:00:00', '2025-03-27 14:28:11', NULL, '7000021351002', 1, NULL, -1),
(905, 139, 161, NULL, 57, '21350002', '2013-07-17 00:00:00', '2025-03-27 14:28:11', NULL, '7000021350002', 1, NULL, -1),
(906, 140, 162, NULL, 58, '23306002', '2023-12-14 00:00:00', '2025-03-27 14:28:11', NULL, '7000023306002', 1, NULL, -1),
(907, 140, 162, NULL, 58, '23307002', '2023-12-14 00:00:00', '2025-03-27 14:28:11', NULL, '7000023307002', 1, NULL, -1),
(908, 140, 162, NULL, 58, '23308002', '2023-12-14 00:00:00', '2025-03-27 14:28:11', NULL, '7000023308002', 1, NULL, -1),
(909, 140, 162, NULL, 58, '23310002', '2023-12-14 00:00:00', '2025-03-27 14:28:11', NULL, '7000023310002', 1, NULL, -1),
(910, 140, 162, NULL, 58, '23311002', '2023-12-14 00:00:00', '2025-03-27 14:28:11', NULL, '7000023311002', 1, NULL, -1),
(911, 140, 162, NULL, 58, '23312002', '2023-12-14 00:00:00', '2025-03-27 14:28:11', NULL, '7000023312002', 1, NULL, -1),
(912, 140, 162, NULL, 58, '23313002', '2023-12-14 00:00:00', '2025-03-27 14:28:11', NULL, '7000023313002', 1, NULL, -1),
(913, 140, 162, NULL, 59, '23314002', '2023-12-14 00:00:00', '2025-03-27 14:28:11', NULL, '7000023314002', 1, NULL, -1),
(914, 140, 162, NULL, 59, '23315002', '2023-12-14 00:00:00', '2025-03-27 14:28:11', NULL, '7000023315002', 1, NULL, -1),
(915, 140, 162, NULL, 59, '23316002', '2023-12-14 00:00:00', '2025-03-27 14:28:11', NULL, '7000023316002', 1, NULL, -1),
(916, 140, 162, NULL, 59, '23317002', '2023-12-14 00:00:00', '2025-03-27 14:28:11', NULL, '7000023317002', 1, NULL, -1),
(917, 140, 162, NULL, 59, '23318002', '2023-12-14 00:00:00', '2025-03-27 14:28:11', NULL, '7000023318002', 1, NULL, -1),
(918, 140, 162, NULL, 59, '23319002', '2023-12-14 00:00:00', '2025-03-27 14:28:11', NULL, '7000023319002', 1, NULL, -1),
(919, 140, 162, NULL, 59, '23320002', '2023-12-14 00:00:00', '2025-03-27 14:28:11', NULL, '7000023320002', 1, NULL, -1),
(920, 140, 162, NULL, 60, '23144002', '2023-12-14 00:00:00', '2025-03-27 14:28:11', NULL, '7000023144002', 1, NULL, -1),
(921, 140, 162, NULL, 60, '23145002', '2023-12-14 00:00:00', '2025-03-27 14:28:11', NULL, '7000023145002', 1, NULL, -1),
(922, 140, 162, NULL, 60, '23146002', '2023-12-14 00:00:00', '2025-03-27 14:28:11', NULL, '7000023146002', 1, NULL, -1),
(923, 140, 162, NULL, 60, '23147002', '2023-12-14 00:00:00', '2025-03-27 14:28:12', NULL, '7000023147002', 1, NULL, -1),
(924, 140, 162, NULL, 60, '23150002', '2023-12-14 00:00:00', '2025-03-27 14:28:12', NULL, '7000023150002', 1, NULL, -1),
(925, 140, 162, NULL, 60, '23149002', '2023-12-14 00:00:00', '2025-03-27 14:28:12', NULL, '7000023149002', 1, NULL, -1),
(926, 140, 162, NULL, 60, '23156002', '2023-12-14 00:00:00', '2025-03-27 14:28:12', NULL, '7000023156002', 1, NULL, -1),
(927, 140, 162, NULL, 61, '23330002', '2023-12-14 00:00:00', '2025-03-27 14:28:12', NULL, '7000023330002', 1, NULL, -1),
(928, 140, 162, NULL, 61, '23331002', '2023-12-14 00:00:00', '2025-03-27 14:28:12', NULL, '7000023331002', 1, NULL, -1),
(929, 140, 162, NULL, 61, '23332002', '2023-12-14 00:00:00', '2025-03-27 14:28:12', NULL, '7000023332002', 1, NULL, -1),
(930, 140, 162, NULL, 61, '23333002', '2023-12-14 00:00:00', '2025-03-27 14:28:12', NULL, '7000023333002', 1, NULL, -1),
(931, 140, 162, NULL, 61, '23334002', '2023-12-14 00:00:00', '2025-03-27 14:28:12', NULL, '7000023334002', 1, NULL, -1),
(932, 140, 162, NULL, 61, '23335002', '2023-12-14 00:00:00', '2025-03-27 14:28:12', NULL, '7000023335002', 1, NULL, -1),
(933, 140, 156, NULL, 61, '23336002', '2020-12-15 00:00:00', '2025-03-27 14:28:12', NULL, '7000023336002', 1, NULL, -1),
(934, 140, 156, NULL, 61, '23337002', '2020-12-15 00:00:00', '2025-03-27 14:28:12', NULL, '7000023337002', 1, NULL, -1),
(935, 141, 164, NULL, 66, '21720302', '2017-04-20 00:00:00', '2025-03-27 14:28:12', NULL, '7000021720302', 1, NULL, -1),
(936, 141, 164, NULL, 66, '21720602', '2017-04-20 00:00:00', '2025-03-27 14:28:12', NULL, '7000021720602', 1, NULL, -1),
(937, 141, 164, NULL, 66, '21720802', '2017-04-20 00:00:00', '2025-03-27 14:28:12', NULL, '7000021720802', 1, NULL, -1),
(938, 141, 164, NULL, 66, '21720402', '2017-04-20 00:00:00', '2025-03-27 14:28:12', NULL, '7000021720402', 1, NULL, -1),
(939, 141, 164, NULL, 66, '21720502', '2017-04-20 00:00:00', '2025-03-27 14:28:12', NULL, '7000021720502', 1, NULL, -1),
(940, 141, 164, NULL, 66, '21720902', '2017-04-20 00:00:00', '2025-03-27 14:28:12', NULL, '7000021720902', 1, NULL, -1),
(941, 141, 164, NULL, 66, '21721002', '2017-04-20 00:00:00', '2025-03-27 14:28:12', NULL, '7000021721002', 1, NULL, -1),
(942, 141, 164, NULL, 66, '21721102', '2017-04-20 00:00:00', '2025-03-27 14:28:12', NULL, '7000021721102', 1, NULL, -1),
(943, 141, 164, NULL, 66, '21720702', '2017-04-20 00:00:00', '2025-03-27 14:28:12', NULL, '7000021720702', 1, NULL, -1),
(1068, 149, 165, NULL, 47, '23540003', '2024-08-29 00:00:00', '2025-03-27 14:30:07', NULL, '7000023540003', 1, NULL, -1),
(1069, 149, 156, NULL, 50, '22741003', '2020-12-15 00:00:00', '2025-03-27 14:30:07', NULL, '7000022741003', 1, NULL, -1),
(1070, 149, 156, NULL, 61, '22743003', '2020-12-15 00:00:00', '2025-03-27 14:30:07', NULL, '7000022743003', 1, NULL, -1),
(1071, 149, 165, NULL, 52, '23541003', '2024-08-28 00:00:00', '2025-03-27 14:30:07', NULL, '7000023541003', 1, NULL, -1),
(1072, 149, 165, NULL, 62, '23542003', '2024-08-28 00:00:00', '2025-03-27 14:30:07', NULL, '7000023542003', 1, NULL, -1),
(1073, 149, 165, NULL, 68, '23534003', '2024-08-28 00:00:00', '2025-03-27 14:30:07', NULL, '7000023534003', 1, NULL, -1),
(1074, 149, 156, NULL, 68, '22732003', '2025-12-15 00:00:00', '2025-03-27 14:30:07', NULL, '7000022732003', 1, NULL, -1),
(1075, 149, 156, NULL, 68, '21718003', '2024-12-31 00:00:00', '2025-03-27 14:30:07', NULL, '7000021718003', 1, NULL, -1),
(1076, 149, 166, NULL, 64, '22729003', '2019-11-08 00:00:00', '2025-03-27 14:30:07', NULL, '7000022729003', 1, NULL, -1),
(1077, 149, 167, NULL, 63, '23394003', '2024-04-17 00:00:00', '2025-03-27 14:30:07', NULL, '7000023394003', 1, NULL, -1);

-- --------------------------------------------------------

--
-- Structure de la table `intervention`
--

DROP TABLE IF EXISTS `intervention`;
CREATE TABLE IF NOT EXISTS `intervention` (
  `IDIntervention` int NOT NULL AUTO_INCREMENT,
  `IDUtilisateur` int NOT NULL,
  `DateDebut` datetime NOT NULL,
  `DateFin` datetime DEFAULT NULL,
  `IDSalle` int DEFAULT NULL,
  `IDHardware` int NOT NULL,
  `IDAdmin` int NOT NULL,
  `IDAdminFermeture` int DEFAULT NULL,
  PRIMARY KEY (`IDIntervention`),
  KEY `IDHardware` (`IDHardware`),
  KEY `IDSalle` (`IDSalle`),
  KEY `IDUtilisateur` (`IDUtilisateur`),
  KEY `IDAdmin` (`IDAdmin`)
) ENGINE=InnoDB AUTO_INCREMENT=71 DEFAULT CHARSET=utf8mb4 COLLATE=utf8mb4_0900_ai_ci;

-- --------------------------------------------------------

--
-- Structure de la table `louer_hardware`
--

DROP TABLE IF EXISTS `louer_hardware`;
CREATE TABLE IF NOT EXISTS `louer_hardware` (
  `IDLocation` int NOT NULL AUTO_INCREMENT,
  `DateDebutEstime` datetime NOT NULL,
  `DateFinEstimee` datetime NOT NULL,
  `IDUtilisateur` int NOT NULL,
  `IDModel` int NOT NULL,
  `Quantite` int NOT NULL,
  `Confirmation` int NOT NULL DEFAULT '-1',
  `IDAdmin` int DEFAULT NULL,
  `DateConfirmation` datetime DEFAULT NULL,
  `DateAjout` datetime NOT NULL DEFAULT CURRENT_TIMESTAMP,
  PRIMARY KEY (`IDLocation`),
  KEY `IDAdmin` (`IDAdmin`),
  KEY `IDHardware` (`IDModel`),
  KEY `IDUtilisateur` (`IDUtilisateur`)
) ENGINE=InnoDB AUTO_INCREMENT=19 DEFAULT CHARSET=utf8mb4 COLLATE=utf8mb4_0900_ai_ci;

-- --------------------------------------------------------

--
-- Structure de la table `magasin`
--

DROP TABLE IF EXISTS `magasin`;
CREATE TABLE IF NOT EXISTS `magasin` (
  `IDMagasin` int NOT NULL AUTO_INCREMENT,
  `IDSalle` int DEFAULT NULL,
  `Nom` varchar(255) NOT NULL,
  PRIMARY KEY (`IDMagasin`),
  KEY `IDSalle` (`IDSalle`)
) ENGINE=InnoDB AUTO_INCREMENT=5 DEFAULT CHARSET=utf8mb4 COLLATE=utf8mb4_0900_ai_ci;

-- --------------------------------------------------------

--
-- Structure de la table `marque`
--

DROP TABLE IF EXISTS `marque`;
CREATE TABLE IF NOT EXISTS `marque` (
  `IDMarque` int NOT NULL AUTO_INCREMENT,
  `Nom` varchar(255) NOT NULL,
  PRIMARY KEY (`IDMarque`)
) ENGINE=InnoDB AUTO_INCREMENT=31 DEFAULT CHARSET=utf8mb4 COLLATE=utf8mb4_0900_ai_ci;

--
-- Déchargement des données de la table `marque`
--

INSERT INTO `marque` (`IDMarque`, `Nom`) VALUES
(23, 'LENOVO'),
(24, 'ACER'),
(25, 'FUJITSU'),
(26, 'DELL'),
(27, 'MICROLUX'),
(28, 'HP'),
(29, 'APPEL'),
(30, 'EPSON');

-- --------------------------------------------------------

--
-- Structure de la table `message`
--

DROP TABLE IF EXISTS `message`;
CREATE TABLE IF NOT EXISTS `message` (
  `IDMessage` int NOT NULL AUTO_INCREMENT,
  `IDUtilisateur` int DEFAULT NULL,
  `Date` datetime NOT NULL DEFAULT CURRENT_TIMESTAMP,
  `Sujet` varchar(255) NOT NULL,
  `Contenu` text CHARACTER SET utf8mb4 COLLATE utf8mb4_0900_ai_ci NOT NULL,
  `Vu` text CHARACTER SET utf8mb4 COLLATE utf8mb4_0900_ai_ci,
  PRIMARY KEY (`IDMessage`),
  KEY `IDUtilisateur` (`IDUtilisateur`)
) ENGINE=InnoDB AUTO_INCREMENT=26 DEFAULT CHARSET=utf8mb4 COLLATE=utf8mb4_0900_ai_ci;

-- --------------------------------------------------------

--
-- Structure de la table `model_hardware`
--

DROP TABLE IF EXISTS `model_hardware`;
CREATE TABLE IF NOT EXISTS `model_hardware` (
  `IDModel` int NOT NULL AUTO_INCREMENT,
  `Nom` varchar(255) NOT NULL,
  `IDMarque` int DEFAULT NULL,
  PRIMARY KEY (`IDModel`),
  KEY `IDMarque` (`IDMarque`)
) ENGINE=InnoDB AUTO_INCREMENT=150 DEFAULT CHARSET=utf8mb4 COLLATE=utf8mb4_0900_ai_ci;

--
-- Déchargement des données de la table `model_hardware`
--

INSERT INTO `model_hardware` (`IDModel`, `Nom`, `IDMarque`) VALUES
(137, 'UNITÉ', 23),
(138, 'UNITÉ', 24),
(139, 'UNITÉ', 25),
(140, 'UNITÉ', 26),
(141, 'UNITÉ', 28),
(142, 'ECRAN', 23),
(143, 'ECRAN', 24),
(144, 'ECRAN', 25),
(145, 'ECRAN', 26),
(146, 'ECRAN', 27),
(147, 'ECRAN', 28),
(148, 'ECRAN', 29),
(149, 'VIDÉO PROJECTEUR', 30);

-- --------------------------------------------------------

--
-- Structure de la table `parametre_email`
--

DROP TABLE IF EXISTS `parametre_email`;
CREATE TABLE IF NOT EXISTS `parametre_email` (
  `IDParametre` int NOT NULL AUTO_INCREMENT,
  `Nom` varchar(255) NOT NULL,
  `objet` text NOT NULL,
  `Text` text NOT NULL,
  PRIMARY KEY (`IDParametre`)
) ENGINE=InnoDB AUTO_INCREMENT=3 DEFAULT CHARSET=utf8mb4 COLLATE=utf8mb4_0900_ai_ci;

--
-- Déchargement des données de la table `parametre_email`
--

INSERT INTO `parametre_email` (`IDParametre`, `Nom`, `objet`, `Text`) VALUES
(1, 'message-admin', 'Confirmation de rejoindre notre équipe ISETN - MAG', 'Félicitations, vous avez été ajouté à notre équipe ISETN - MAG.\r\n         Vous pouvez maintenant accéder à votre compte en utilisant les informations suivantes:\r\n         \\n\\nNom d\'utilisateur: {email}\\nMot de passe: {password}\\n\r\n         Vous pouvez accéder à dashboard admin à partir de ce lien : {link}\\n\\nCordialement,\\nISETN - MAG'),
(2, 'message-user', 'Confirmation de votre compte ISETN - MAG', 'Félicitations, votre compte ISETN - MAG a été créé avec succès.\r\n         Vous pouvez maintenant accéder à votre compte en utilisant les informations suivantes:\r\n         \\n\\nNom d\'utilisateur: {email}\\nMot de passe: {password}\\n\r\n         Vous pouvez accéder à dashboard utilisateur à partir de ce lien : {link}\\n\\nCordialement,\\nISETN - MAG');

-- --------------------------------------------------------

--
-- Structure de la table `privilege`
--

DROP TABLE IF EXISTS `privilege`;
CREATE TABLE IF NOT EXISTS `privilege` (
  `IDPrivilege` int NOT NULL AUTO_INCREMENT,
  `Nom` varchar(255) NOT NULL,
  `Description` text NOT NULL,
  PRIMARY KEY (`IDPrivilege`)
) ENGINE=InnoDB DEFAULT CHARSET=utf8mb4 COLLATE=utf8mb4_0900_ai_ci;

-- --------------------------------------------------------

--
-- Structure de la table `reclamation_hardware`
--

DROP TABLE IF EXISTS `reclamation_hardware`;
CREATE TABLE IF NOT EXISTS `reclamation_hardware` (
  `IDReclamation` int NOT NULL AUTO_INCREMENT,
  `IDHardware` int NOT NULL,
  `IDUtilisateur` int NOT NULL,
  `IDIntervention` int DEFAULT NULL,
  `DateReclamation` datetime NOT NULL DEFAULT CURRENT_TIMESTAMP,
  `Description` text NOT NULL,
  `IDEtat` int DEFAULT NULL,
  `Vu` text CHARACTER SET utf8mb4 COLLATE utf8mb4_0900_ai_ci,
  `IDTechnicien` int DEFAULT NULL,
  `DescriptionTechnicien` text,
  `DateTechnicien` datetime DEFAULT NULL,
  PRIMARY KEY (`IDReclamation`),
  KEY `IDEtat` (`IDEtat`),
  KEY `IDIntervention` (`IDIntervention`),
  KEY `IDHardware` (`IDHardware`),
  KEY `IDUtilisateur` (`IDUtilisateur`)
) ENGINE=InnoDB AUTO_INCREMENT=63 DEFAULT CHARSET=utf8mb4 COLLATE=utf8mb4_0900_ai_ci;

-- --------------------------------------------------------

--
-- Structure de la table `relation_hardware`
--

DROP TABLE IF EXISTS `relation_hardware`;
CREATE TABLE IF NOT EXISTS `relation_hardware` (
  `IDRelation` int NOT NULL AUTO_INCREMENT,
  `IDHardware1` int DEFAULT NULL,
  `IDHardware2` int DEFAULT NULL,
  PRIMARY KEY (`IDRelation`),
  KEY `IDHardware1` (`IDHardware1`),
  KEY `IDHardware2` (`IDHardware2`)
) ENGINE=InnoDB AUTO_INCREMENT=14 DEFAULT CHARSET=utf8mb4 COLLATE=utf8mb4_0900_ai_ci;

-- --------------------------------------------------------

--
-- Structure de la table `role`
--

DROP TABLE IF EXISTS `role`;
CREATE TABLE IF NOT EXISTS `role` (
  `IDRole` int NOT NULL AUTO_INCREMENT,
  `Nom` varchar(255) NOT NULL,
  PRIMARY KEY (`IDRole`)
) ENGINE=InnoDB AUTO_INCREMENT=3 DEFAULT CHARSET=utf8mb4 COLLATE=utf8mb4_0900_ai_ci;

--
-- Déchargement des données de la table `role`
--

INSERT INTO `role` (`IDRole`, `Nom`) VALUES
(1, 'Enseignant'),
(2, 'Technicien');

-- --------------------------------------------------------

--
-- Structure de la table `salle`
--

DROP TABLE IF EXISTS `salle`;
CREATE TABLE IF NOT EXISTS `salle` (
  `IDSalle` int NOT NULL AUTO_INCREMENT,
  `Nom` varchar(255) NOT NULL,
  `IDBloc` int DEFAULT NULL,
  PRIMARY KEY (`IDSalle`),
  KEY `IDBloc` (`IDBloc`)
) ENGINE=InnoDB AUTO_INCREMENT=69 DEFAULT CHARSET=utf8mb4 COLLATE=utf8mb4_0900_ai_ci;

--
-- Déchargement des données de la table `salle`
--

INSERT INTO `salle` (`IDSalle`, `Nom`, `IDBloc`) VALUES
(47, 'INFO 01', 1),
(48, 'INFO 02', 1),
(49, 'INFO 03', 1),
(50, 'INFO 04', 1),
(51, 'INFO 05', 1),
(52, 'INFO 06', 1),
(53, 'INFO 07', 1),
(54, 'INFO 08', 1),
(55, 'INFO 09', 1),
(56, 'INFO 010', 1),
(57, 'INFO 011', 1),
(58, 'INFO 012', 1),
(59, 'INFO 013', 1),
(60, 'INFO 014', 1),
(61, 'INFO 015', 1),
(62, 'SALLE G118', 5),
(63, 'SALLE G119', 5),
(64, 'SALLE G120', 5),
(65, 'SALLE G121', 5),
(66, 'SALLE ORANGE', 1),
(67, 'Salle A114', 2),
(68, 'CHEF DEPARTEMENT', 1);

-- --------------------------------------------------------

--
-- Structure de la table `software`
--

DROP TABLE IF EXISTS `software`;
CREATE TABLE IF NOT EXISTS `software` (
  `IDSoftware` int NOT NULL AUTO_INCREMENT,
  `Nom` varchar(255) NOT NULL,
  `DateAchat` date DEFAULT NULL,
  `DateAjout` datetime NOT NULL,
  `Lien` text NOT NULL,
  PRIMARY KEY (`IDSoftware`)
) ENGINE=InnoDB DEFAULT CHARSET=utf8mb4 COLLATE=utf8mb4_0900_ai_ci;

-- --------------------------------------------------------

--
-- Structure de la table `utilisateur`
--

DROP TABLE IF EXISTS `utilisateur`;
CREATE TABLE IF NOT EXISTS `utilisateur` (
  `IDUtilisateur` int NOT NULL AUTO_INCREMENT,
  `Nom` varchar(255) NOT NULL,
  `Prenom` varchar(255) NOT NULL,
  `Mail` varchar(255) CHARACTER SET utf8mb4 COLLATE utf8mb4_0900_ai_ci DEFAULT NULL,
  `Tel` varchar(255) CHARACTER SET utf8mb4 COLLATE utf8mb4_0900_ai_ci DEFAULT NULL,
  `MDP` text CHARACTER SET utf8mb4 COLLATE utf8mb4_0900_ai_ci,
  `Role` int DEFAULT NULL,
  `Code` text CHARACTER SET utf8mb4 COLLATE utf8mb4_0900_ai_ci,
  `CodeBarre` text,
  `Compte` int NOT NULL DEFAULT '1',
  `MarkedAsDeleted` int NOT NULL DEFAULT '-1',
  PRIMARY KEY (`IDUtilisateur`),
  KEY `Role` (`Role`)
) ENGINE=InnoDB AUTO_INCREMENT=682 DEFAULT CHARSET=utf8mb4 COLLATE=utf8mb4_0900_ai_ci;

--
-- Déchargement des données de la table `utilisateur`
--

INSERT INTO `utilisateur` (`IDUtilisateur`, `Nom`, `Prenom`, `Mail`, `Tel`, `MDP`, `Role`, `Code`, `CodeBarre`, `Compte`, `MarkedAsDeleted`) VALUES
(1, 'MASTER KEY', 'MASTER KEY', 'selimbenali2003@gmail.com', '00000000', '00e8abc15c7bab733f48be352b9f3765a4e1b4ef74ed76831cfb3976058a5911', 2, 'NONE001', '278797869001', 1, -1),
(361, 'CHIHI', 'OUSSAMA', 'oussama.chihi12@gmail.com', NULL, 'd798b58ae28d5c53ffe0b0d46b5dd94057202842861949fbdaf62b3905833b50', 1, 'GC101', '200007167101', 2, -1),
(362, 'GAALOUL', 'ICHRAK', 'gaaloulichrak@yahoo.fr', NULL, '67d0e0170853b490565abbb78311b199d214c7bb72cfeaf8f51de131b1c8115a', 1, 'GC102', '200007167102', 2, -1),
(363, 'MHENNI', 'HABIB', 'habib.mhenni@isetgf.rnu.tn', NULL, 'a06a4e44a6d55754cc5e31d965fa3fc357bd239a54bc1e870a806b7a903c30ff', 1, 'GC103', '200007167103', 2, -1),
(364, 'BEN AMMAR', 'ILHEM', 'benammarelhem@gmail.com', NULL, '0ab68f03b6d6e718246534da8e1cf1bd1e8bd1f8df3b4af95350631a976a4bda', 1, 'GC104', '200007167104', 2, -1),
(365, 'MEDOUNI FEHEM', 'AMEL', 'amelmediouni@ymail.com', NULL, 'b215e8ce30a42222971261bce5b90489610dc8cf4147b1f7eeea10445d13c8c5', 1, 'GC105', '200007167105', 2, -1),
(366, 'CHERIF', 'ANIS', 'anis.cherif@gmail.com', NULL, '492e5f28dae2c7523d141de737b619f6d870b8572c43599969558440c91e4ea3', 1, 'GC106', '200007167106', 2, -1),
(367, 'LAMINE ZGUEB', 'TAOUFIK', 'lamine.tawfik2018@gmail.com', NULL, 'b2dcdcdd9396fcf7a6e8b3da5553bd80a7f7026be5e719795a4ad7fd792b5e11', 1, 'GC107', '200007167107', 2, -1),
(368, 'ZARDOUM', 'HAMMADI', 'hzardoum@gmail.com', NULL, '533c733aab895ee0028b412dc66951eeebbbaf3e94bdae0bfe3dab58e712f466', 1, 'GC109', '200007167109', 2, -1),
(369, 'BEN OMAR', 'RAHMA', 'rahmabenamor@gmail.com', NULL, '4b843c587b62ebfb4837115b1a0feff45d2ce76b6f3fbada71dceeeef05bdd5b', 1, 'GC110', '200007167110', 2, -1),
(370, 'SASSI', 'RAOUDHA', 'sassiraoudha@gmail.com', NULL, '05984fed1a1cd44e50fcbd72a79b7c04356e2b75b35e3e656183aade78cefb3f', 1, 'GC111', '200007167111', 2, -1),
(371, 'YAHYAOUI', 'ZOUHOUR', 'zohour80@yahoo.fr', NULL, '3ee6bc7e4c1fcfbae343f62eb6000595a89b7c03c9754dadac0436ea8853c493', 1, 'GC112', '200007167112', 2, -1),
(372, 'BEN SALLEM', 'SALLEM', 'sallembensallem@gmail.com', NULL, '2c45e5a838990f6baec82489a23d882d4e3425dd04dc46fb097b184e014ad5f7', 1, 'GC113', '200007167113', 2, -1),
(373, 'CHOUCHENE', 'SAFOUEN', 'safouanechouchane@yahoo.fr', NULL, 'a10715f95ab62cbcf675971f4e4f8db0819c18e81354d57035ade708e04fca27', 1, 'GC114', '200007167114', 2, -1),
(374, 'GHAMMOURI', 'AIDA', 'ghammouri.aida@gmail.com', NULL, 'b7e1016091d39f0a86b03b8812f74d9e143e2a588f3777603b68272f5bbd1f2b', 1, 'GC115', '200007167115', 2, -1),
(375, 'CHEHBI', 'AICHA', 'chehbi.aicha@gmail.com', NULL, 'af9f07a2b732b7b3a72f0dc3187a0c1b6171cd37c46ab49ae88c5c09430ae410', 1, 'GC116', '200007167116', 2, -1),
(376, 'AYED', 'ABDERRAHMEN', 'abderrahmenayed@yahoo.com', NULL, 'f2db13077488e3665014f12c39b0d8d45b9c9e7b15552a0e0b7a796496c76100', 1, 'GC117', '200007167117', 2, -1),
(377, 'ABDERRAHIM', 'ABDELKARIM', 'abdelkerimabderrahim@gmail.com', NULL, '9fb8d1e66c4548780226cdfee8c980ee78901dae0bdbbe40fb3659fb67ffd36f', 1, 'GC118', '200007167118', 2, -1),
(378, 'BEN SALAH', 'ABDALLAH', 'bensalah_abd@live.fr', NULL, '7d6d665f94c27fb3de22c11e7d5ace5708fe5720691353e4887f00cd495633a9', 1, 'GC119', '200007167119', 2, -1),
(379, 'SNOUSSI', 'GHADA', 'gsnoussi@yahoo.fr', NULL, 'd98e998633c63107cd7a6a79047ddd07ea728ad712da5a9e8d6196e8cc8b63b3', 1, 'GC120', '200007167120', 2, -1),
(380, 'KHADIMALLAH', 'FOUED', 'khfoued@gmail.com', NULL, 'a8e39719fecd7f6469862bf61ea82e3b0ce8024456b4ec2a69bf065694507b85', 1, 'GC121', '200007167121', 2, -1),
(381, 'GHENIA', 'KAIS', 'kghenia@gmail.com', NULL, '7df5ac06c5eebf532c50921e89f19e908a17679b7130642a1e49b97da3efde07', 1, 'GC122', '200007167122', 2, -1),
(382, 'ELABED', 'KARIM', 'karimelabedgc@gmail.com', NULL, 'bc669d3652015d75704f165333d1fbb105529377328c625bf86f0128fa3909c7', 1, 'GC123', '200007167123', 2, -1),
(383, 'SOUIHLI', 'LOBNA', 'lobnasouihli@gmail.com', NULL, 'cc8a13d45132ab4b02eacbfa1f9b7573b71f969b3b31d7b5fadf9710543f1b78', 1, 'GC124', '200007167124', 2, -1),
(384, 'YAHYAOUI', 'LOTFI', 'lotfielyahyaoui@gmail.com', NULL, '63fc5af80888e28ffbe3231df76fe403301e95f576bbdffddba6883e30992e8e', 1, 'GC125', '200007167125', 2, -1),
(385, 'SOUISSI', 'MED AYET ALLAH BILEL', 'soussi_bilel@yahoo.fr', NULL, '0ee6c283f8adc876d6e45de5fa0185c236ccb80282ec184801231f01786ad62e', 1, 'GC128', '200007167128', 2, -1),
(386, 'FERJANI', 'MOURAD', 'mourad.ferjani@yahoo.fr', NULL, '44c37484f50e4932d623c14a84fa7701735f4e772dc826cde1e5dcb8553f2dfc', 1, 'GC131', '200007167131', 2, -1),
(387, 'ATTIA', 'NEDIA', 'attia.nad@gmail.com', NULL, '04929ab6dba0d437abcf955e006d1666f01426b571461f2b90ab01c73aec81a3', 1, 'GC132', '200007167132', 2, -1),
(388, 'BOUFAIED', 'NAOUFEL', 'boufaid.boufaid@gmail.com', NULL, 'f2bef812da3d06993a64ec56c4cd5acaf898a5e7552bbff78ca63e31719b6d91', 1, 'GC133', '200007167133', 2, -1),
(389, 'JEDDI', 'HANA', 'jeddi.hana@gmail.com', NULL, 'f2fa25ae79e1aff483d9421bac6d7b8a9b1feac63bd52c3de85b0a7177369656', 1, 'GC134', '200007167134', 2, -1),
(390, 'DAOUED', 'WISSEM', 'wissem.daoud06@gmail.com', NULL, '1a8e8cfa18af8489c007dfc9142244c80bd27a71821a6f164632242e4fef764a', 1, 'GC135', '200007167135', 2, -1),
(391, 'MAAOUI', 'WAFA', 'wafa.maaoui@yahoo.fr', NULL, '1fa03c391537ffeeafe3f333fcbca2abc1b7cfc34edfb123985549662d5e4444', 1, 'GC136', '200007167136', 2, -1),
(392, 'WARDA', 'YOSSRI', 'werdayosri@yahoo.fr', NULL, '3e972d33916eb3ddaa1c572f3f46415c56c74498f9dd91af9ea8800fa68e50fe', 1, 'GC137', '200007167137', 2, -1),
(393, 'CHEMKHI', 'MANSOUR', 'chamkhimansour@yahoo.fr', NULL, 'b912cb4ee3d13ebcb9915790d5038cff3a8d8470e30c96c44503b7e166555e07', 1, 'GC138', '200007167138', 2, -1),
(394, 'GUIRAS', 'HOUDA', '', NULL, '4387b91c4e9200f1170245fb7d9fbbe458e5be8b3448b467eea5f7d2a26ff9d3', 1, 'GC139', '200007167139', 2, -1),
(395, 'RHIMI', 'JALEL', 'jalelrhimi@mail.com', NULL, '774ce56158fe0e8eae77c29374bd6273752b8e9afcbdddce56fce79e995fd3ed', 1, 'GC140', '200007167140', 2, -1),
(396, 'LIMAM', 'WASSIM', 'limamw@........fr', NULL, '97603d9544fadaee40fb4db8c7718122f28d95f3e42663db757cabbcb59f6c81', 1, 'GC141', '200007167141', 2, -1),
(397, 'GABSI', 'NESSRINE', 'gbsnesrine@gmail.com', NULL, '87654fba6283a1e3f485c43d7c864387b26de181449c89f96680881fb88c018a', 1, 'GC142', '200007167142', 2, -1),
(398, 'ATTAOUI', 'FETHI', 'fathilataoui3@yahoo.fr', NULL, 'e47ba91c50676e07377503f8e70ac5a14bd5a61a513cf6d7262ef79466774159', 1, 'GC143', '200007167143', 2, -1),
(399, 'NSIR', 'HAMDI', 'hamdins@gmail.com', NULL, '63a1996ea5587e3dcff494ecd6db2720f8521d05cde76bf972d91272a3cc86ba', 1, 'GC200', '200007167200', 2, -1),
(400, 'KHIARI', 'BRAHIM', 'brahim.khiari@crten.tnrt.tn', NULL, '9a978f48fb6c4c98339c4752b7cdaaf1ac211b6ede75efca982d4eba60004ae4', 1, 'GE101', '200007169101', 2, -1),
(401, 'BAHI', 'ZAIED', 'zaied_bahi@yahoo.com', NULL, 'be3c9e1a9a0a55a6c9f7f984bfc46bae6d914c7e7d2b07f47479968034279614', 1, 'GE102', '200007169102', 2, -1),
(402, 'HAJJI', 'MOEZ', 'moezhajji72@gmail.com', NULL, 'da05295b1e0e6e661025bd9c3ac93399086fbef98005dccfc29c30d2b36b8179', 1, 'GE103', '200007169103', 2, -1),
(403, 'MBAREK', 'ELYES', 'mbarek.elyes@gmail.com', NULL, 'e4eec83646ed917a26258a86a9e730dbf3082126f9a790187b6bbfc9a7d7a606', 1, 'GE104', '200007169104', 2, -1),
(404, 'DEGACHI', 'OUMAYMA', 'oumayma.degachi@gmail.com', NULL, '482c2d0236bafa830bfa8dd3f7af76a1172e721adcc55b3461fe8319737ad6e8', 1, 'GE105', '200007169105', 2, -1),
(405, 'CHALLOUF', 'IMEN', 'imenchallouf@yahoo.fr', NULL, '8affa78016f375c5f580023da2a16432dc78b7c9f4966295ef07c5252f035ed2', 1, 'GE106', '200007169106', 2, -1),
(406, 'AZZOUZ', 'IMEN', 'imen.azzouze@gmail.com', NULL, '90312170dfe95af8bf92df972e0f400efaf184aeba71b1c9b95709c931d83f72', 1, 'GE107', '200007169107', 2, -1),
(407, 'NECHBA', 'IMEN', 'imen.nechba@gmail.com', NULL, 'c415de76c2574e9902e920f5a4f8eeb936b7d111fd3fd2063f2631f6b645b08e', 1, 'GE108', '200007169108', 2, -1),
(408, 'BEN SALEM', 'JAMEL', 'bsj_jamel@yahoo.fr', NULL, '20aec20377ec59b7f7694f082eaf293f27d9ea35596582fd84fe459782ead710', 1, 'GE109', '200007169109', 2, -1),
(409, 'MNASSRI', 'KHALED', 'khmn111@gmail.com', NULL, '08b23fcf24a4a79aaf3b549eb2a54167ec9b9f9623c51cb63e4866079ec8e39c', 1, 'GE112', '200007169112', 2, -1),
(410, 'MEDDEB', 'RIDHA', 'ridhameddeb@yahoo.fr', NULL, '0cb8fe87ff41ee83f8f72a6ea5a215352ef0cb8b572e506cee7a8a7e35103fa6', 1, 'GE113', '200007169113', 2, -1),
(411, 'BEL HADJ HSIN', 'RIADH', 'riadhhh@yahoo.fr', NULL, '650331949b8641a852bfcf174aef85cd47d7cade05bf7c994aeab22264ca9c79', 1, 'GE114', '200007169114', 2, -1),
(412, 'LASSOUED', 'SALIMA', 'lassaoued.salima@yahoo.fr', NULL, '5665c1ee9f6b8bc0aa1d226dc50befd86d58cf5a5e489cd2892f7ecf4eac6b26', 1, 'GE115', '200007169115', 2, -1),
(413, 'BOUZAIDA', 'SANA', 'bouzaida_sana@hotmail.fr', NULL, 'dc8c1190028df3420a8e91d1771d665c86635af34ccbd4ff288f94d90cb66728', 1, 'GE116', '200007169116', 2, -1),
(414, 'ABDMOULEH', 'SONDES', 'sondes.abdelmouleh@yahoo.fr', NULL, 'e90d4523ca8eb723c8dae8621d58cbcd3456a334e29a4fdebdd0312baa6811c8', 1, 'GE117', '200007169117', 2, -1),
(415, 'EL FALAH', 'CHOKRI', 'chokrifalah@yahoo.fr', NULL, 'c1473fa9ad264e7db641d5db4eaf58874f9b73387591299edf4bbfe15acf4b6b', 1, 'GE118', '200007169118', 2, -1),
(416, 'SAIED', 'ADEL', 's.adel.nabeul@gmail.com', NULL, 'cc97609990ac644a0140ed3478a34a4a35d8a902dd1e1e54a8842418a237cbf7', 1, 'GE119', '200007169119', 2, -1),
(417, 'EL OUNI', 'ABDELAZIZ', 'abdelazizelouni@yahoo.fr', NULL, '49fe1ef84d01181a345dcb2b1e4e9e83e2d7b7bdf545b4e611a7782d640633dc', 1, 'GE120', '200007169120', 2, -1),
(418, 'KANFOUD BEN RAYANA', 'AKILA', 'akilamabe@yahoo.com', NULL, '4cf0715d724f9307f6cb503f00da5a5801077e96c9250602c3754311f2ad54af', 1, 'GE121', '200007169121', 2, -1),
(419, 'HIDRI', 'IMED', 'imed.hidri@yahoo.fr', NULL, '2a98acd29910304d9defca2ca25ee166802fa7d5e478700aa67cd0f60c4bce7f', 1, 'GE122', '200007169122', 2, -1),
(420, 'MHAMDI', 'GHARBIA', 'gharbia.neffeti@gmail.com', NULL, 'ada64c597d601cc1eea956e7d68bbc26300700de6a6c437babe17798ac76218e', 1, 'GE123', '200007169123', 2, -1),
(421, 'DOUIRI', 'FADIA', 'fedia_douiri@yahoo.fr', NULL, '4fdeca9474477612d7fa92729b0020a8ef046812a8391964c5210edea65744e0', 1, 'GE124', '200007169124', 2, -1),
(422, 'EZZINE', 'FATMA NAOUEL', 'fatma_ezzine@yahoo.fr', NULL, '98ca7c97f58ad772b94d331cacac6ea3fdc33a96ee6f2e9469f3838ad8112356', 1, 'GE125', '200007169125', 2, -1),
(423, 'HALFAOUI', 'KARIMA', 'halfaouikarima@yahoo.fr', NULL, '1fb731b5e5e631d1a26115e5c970af66958a00857efa5b0a38d2bed59a0f373c', 1, 'GE127', '200007169127', 2, -1),
(424, 'BOUJMIL', 'MED HABIB', 'mohamedhabib.boujmil@yahoo.fr', NULL, 'b6efa4efea06b81cae9456790f34c026e7e9776d55eb692da7476a4c2ec7472d', 1, 'GE128', '200007169128', 2, -1),
(425, 'MOULAHI', 'MOHAMED HEDI', 'moulahi2004@yahoo.fr', NULL, 'b82d34aa33264c3a4919b07bfe44eafbfc5e37c1f926429d6c5544b9e87ddc67', 1, 'GE130', '200007169130', 2, -1),
(426, 'BLAH', 'MARWENE', 'blah.marouane@gmail.com', NULL, '0f9cc7edcee64792a9a2f4fe015832743b1223f7883d15b378e70cc832179ccd', 1, 'GE131', '200007169131', 2, -1),
(427, 'AYADI', 'MOEZ', 'moezayadi71@live.fr', NULL, '51813d782bb96d11fdd8ec5934a0ba3a2d87a2214198aad81388940f5aeca988', 1, 'GE132', '200007169132', 2, -1),
(428, 'AMARI', 'MANSOUR', 'mansour.amari@gmail.com', NULL, '83eb2e7c44991c9e706bef2c68f555d8db3b8233eac3a20f16f0f47a93b096a6', 1, 'GE134', '200007169134', 2, -1),
(429, 'CHELLY', 'NAJIA', 'chelly_nejia@hotmail.fr', NULL, '1baa5d7f77f765c7d57e102666c43b7811f4c2be157d829f54f80990ef759e2f', 1, 'GE135', '200007169135', 2, -1),
(430, 'TOUJENI', 'NIZAR', 'nizar.toujeni@isetn.rnu.tn', NULL, '4c5aef5010ae56af13483448e40aff3ab77586326a2a1e005dc054a2350372d6', 1, 'GE136', '200007169136', 2, -1),
(431, 'MDINI', 'NIDHAL', 'nidhal.md@gmail.com', NULL, '24d0cd7364052ae7ea692424a055067ee5782523d671a4010647a1f15971a58e', 1, 'GE138', '200007169138', 2, -1),
(432, 'AKOUBI', 'NOUREDDINE', 'yaakoubi.n@gmail.com', NULL, 'ae58aae1331ad01936ad4662f4e9a22c895f5737a816a63109a27b9889b76795', 1, 'GE139', '200007169139', 2, -1),
(433, 'MABROUKI', 'HICHEM', 'hichemmabrouki@gmail.com', NULL, '3da4febf2a450864969be736455bb0c18365fda9dce2867368fb32404279eb49', 1, 'GE140', '200007169140', 2, -1),
(434, 'JEMAI', 'YASSINE', 'yassine.jemai@isetn.rnu.tn', NULL, 'c3cd8da6a714edc9798d322b8015796ed886979475a1e0fd86788081d92b12e3', 1, 'GE142', '200007169142', 2, -1),
(435, 'CHELBI', 'HASSEN', 'dtnh2302@gmail.com', NULL, '1836300f6940a61ce440265cf09220fbcd077e675ef0bca8e32c7e97b3619179', 1, 'GE143', '200007169143', 2, -1),
(436, 'GASSOUMI', 'MAHMOUD', 'gassoumimahmoud@yahoo.fr', NULL, '8938caa8c1c11713069097bd27a283562688b3e05c09af6a6027f2bf79c5fe6a', 1, 'GE144', '200007169144', 2, -1),
(437, 'KHELIL', 'ABDESSATTAR', 'abdessattar_khelil@gmail.com', NULL, '62234867e28ad42b5eaad7491c5f356313ade8e4a559675cd9808646c3f504e9', 1, 'GE145', '200007169145', 2, -1),
(438, 'BEN AMMAR', 'HICHEM', 'hichem-ben-ammar@yahoo.fr', NULL, 'b9d2ba4c16142fe827f2cfbe2325f60f8b2be36439528fc21cf3c4afd26fe0fe', 1, 'GE146', '200007169146', 2, -1),
(439, 'MEJRI', 'MED RADHOUANE', 'mejri.mohamed.radhouane@gmail.com', NULL, '94b079f9e7bf17bc985bfc160683053c6c613f1b813bd0647549144bfe8f53b4', 1, 'GE147', '200007169147', 2, -1),
(440, 'ELBEHI', 'BOUTHEINA', '', NULL, '8bcd39008455bfd7c676fcc68c0f394b5e557d954541c96d908275f661637056', 1, 'GE148', '200007169148', 2, -1),
(441, 'CHABCHOUB', 'MED HEDI', 'chachoub_medhedi@yahoo.fr', NULL, 'eb1452a5c0c29906d1529099933ef23ab5f90f1c2b815e91ed4325c00b7a5109', 1, 'GE149', '200007169149', 2, -1),
(442, 'BEN ABDALLAH', 'SOBHI', 'sobhi.tech@yahoo.fr', NULL, '88ea2b85b3be522975f3b246fb2ea9a69a06ef547cf5c4b74227e5fb9250e3b6', 1, 'GE150', '200007169150', 2, -1),
(443, 'BOUALI', 'CHAABANE', 'chaabane.bouali@fst.utn.tn', NULL, '80a5c7bbc1e953fd4ce824b0d4f93bcf457f7db3936a358a0af54a4d9383dc24', 1, 'GE151', '200007169151', 2, -1),
(444, 'ABROUG', 'SAMEH', '', NULL, '5e2845f4920d8b08e8c7540796780458b80bb7bd936b0b3cc9df67e607ce6bd8', 1, 'GE152', '200007169152', 2, -1),
(445, 'ABDAOUI', 'HOUDA', 'abdaoui.houda180586@gmail.com', NULL, 'e39eed2fc605f677b75fca4bb3d7db65097063eb7a905698a2f986f688ac404d', 1, 'GE153', '200007169153', 2, -1),
(446, 'HAMMAMI', 'TAHER', 'taherhammami@yahoo.fr', NULL, '6ea9fdfd034003c2d80fc3f239bede9970cd6926b6bf193c494853bfd32119f3', 1, 'GM101', '200007177101', 2, -1),
(447, 'BEN ALI', 'MONGI', 'mongibenali2000@yahoo.fr', NULL, '7ed3ed85977b5e92aea918049d7f3aeaacbfbf94f856ea06af3f9b387ca71c4f', 1, 'GM102', '200007177102', 2, -1),
(448, 'ELKAMEL', 'MEHDI', 'elkamel.mehdi@yahoo.fr', NULL, 'd9f8fd505c608f3e2c7014f6b1e5a12eb96bd05d36354d72d61d96e21d07a85f', 1, 'GM103', '200007177103', 2, -1),
(449, 'MHEMMED', 'AMIRA', 'amiramhammed@yahoo.com', NULL, '317598aa42a883bc2fc141087a07bb8088c9482cba26c3cf594a0806dd7a6471', 1, 'GM104', '200007177104', 2, -1),
(450, 'BEN FRAJ', 'BOUTHEINA', 'bfb.ingmec@gmail.com', NULL, 'a4b862c08899468abcf5ac4c33d1ee6f812924f7e89cf8badf9849562ee52693', 1, 'GM105', '200007177105', 2, -1),
(451, 'EZZAHI', 'BILEL', 'bilelezzahi@yahoo.fr', NULL, '19e24a3713312e7ff48d7bf8517294dd885619b27b78356556b43cd4ab5c0956', 1, 'GM106', '200007177106', 2, -1),
(452, 'ALOUI', 'HOSNI', 'aloui_cm@yahoo.fr', NULL, '415df3717cd978e9c781269905512524cf8c42d4bfa92cfbf94137fd5adb7759', 1, 'GM108', '200007177108', 2, -1),
(453, 'LOUATI', 'HAMMOUDA', 'hamoudalouati@gmail.com', NULL, 'b2e5b7a9ac3106395e8f65fc2ae8b9e72abe00a8164e1557d67d197e64af219b', 1, 'GM109', '200007177109', 2, -1),
(454, 'LIGIMI', 'RIADH', 'riadhlijim@yahoo.com', NULL, '05d0fc1a6b1913d3aff779e2fb9d661977193afa329e416e0af68ccd44f7f616', 1, 'GM110', '200007177110', 2, -1),
(455, 'GRARI', 'ZEINEB', 'grari.zeineb@hotmail.fr', NULL, '59f4f704eaaf35dd5f6b08bb380d3d5f3216cc48e9984b65ba3fe4fe1642122d', 1, 'GM111', '200007177111', 2, -1),
(456, 'BELLALEH', 'SAMI', 'bellalah.sam@gmail.com', NULL, '6eb8fe7a2a9c4b2230aab931355b22e36ecb42cda8fb78df02d5777bbaafb2b2', 1, 'GM112', '200007177112', 2, -1),
(457, 'BEN NCIB', 'SAMI', 'sami.necib@yahoo.fr', NULL, '26d1e531d10625a97b57958acc16b12de1dee9878588ed7b46524eea44e8610a', 1, 'GM113', '200007177113', 2, -1),
(458, 'MHEMMED', 'SAMIR', 'samir.mhemed@gmail.com', NULL, '2d0ca3e02ec8601fab2a4d3a149044e27164ffca1ef9b7db8b0bcca0486760cc', 1, 'GM114', '200007177114', 2, -1),
(459, 'SAYADI', 'SONIA', 'sonia.sayadi.75@gmail.com', NULL, '48a9f6e6c421b7d65e0cc6b64e0ef7d94d3dcb074372a69f487dd3e05a7f80c5', 1, 'GM115', '200007177115', 2, -1),
(460, 'GARA', 'SOUHIR', 'garasouhir@yahoo.fr', NULL, '456308fc62861b1a5488a482b0d5982871badb16c7b886f5c17aa755cc8a7ec9', 1, 'GM116', '200007177116', 2, -1),
(461, 'LAAMIRI', 'CHAKER', 'laamirichaker@yahoo.fr', NULL, '6aaf18e6e63e6a045fee73ca2386504b12c82ebc1cfc84d6c2adaa43295ea263', 1, 'GM117', '200007177117', 2, -1),
(462, 'BEN AISSA', 'CHOKRI', 'benaisa_chokri@yahoo.fr', NULL, 'bd3cb26b98516e63dd7313d4c3f6fac28462278a92af19125c384ee14cc2cc7a', 1, 'GM118', '200007177118', 2, -1),
(463, 'KALLALI', 'SAFIEDDINE', 'safigal2004@yahoo.fr', NULL, 'ca25df300d381b39db128b1549faa070e99b37dce4d40203023eb22e5f4f99de', 1, 'GM119', '200007177119', 2, -1),
(464, 'TLILI', 'ADNEN', 'tlili_adnene@yahoo.fr', NULL, 'bd6535ff0a9ec2d6df86617c2061e74d5dbb8744a105821330ca7152744c1a95', 1, 'GM120', '200007177120', 2, -1),
(465, 'SAADAOUI', 'EZEDDINE', 'ezdin2004@yahoo.com', NULL, 'fdcf86871c5cf921133849f76724d92d2dfd4852a1873e37df496c93e38d033c', 1, 'GM121', '200007177121', 2, -1),
(466, 'BEN JEDDOU', 'IMED', 'imedbenjeddou96@yahoo.com', NULL, 'dd7dbf27f56c1a6e1b7b553e40d3c791a2c28c1127f84f81409e70a3feed845c', 1, 'GM122', '200007177122', 2, -1),
(467, 'LANDOLSI', 'FOUED', 'landolsifoued1971@gmail.com', NULL, 'a3f1f5f0b09dc4329a46410964d88c16a758bc914b0971cbc2b94a960f904564', 1, 'GM123', '200007177123', 2, -1),
(468, 'LAZGHEB', 'KAIS', 'kais.lazghab@yahoo.fr', NULL, '9cdd7c090a6149f95578adf39815ba5b3e6bc92ba35072a28e54df91330a2460', 1, 'GM124', '200007177124', 2, -1),
(469, 'ABDELLAOUI', 'LOTFI', 'lotfi.abdellaoui@yahoo.fr', NULL, 'dd745b319637dcc3dffb0456f7679568dc73cdfc3903f0a9129c2a4fa47de34f', 1, 'GM125', '200007177125', 2, -1),
(470, 'BEJAOUI', 'LAMIA', 'bejaoui.lamia@gmail.com', NULL, '974efd85dd34ae641b27912e3d5ed1a37225048f8f74baea79eab15d05d17bf1', 1, 'GM126', '200007177126', 2, -1),
(471, 'SNOUSSI', 'MOHAMED', 'snoussimohamed 99@yahoo.fr', NULL, 'd622ec7e1d3d6450ba56a33d1b976d5a8bce67ba0da316a6d26740e310d94c08', 1, 'GM127', '200007177127', 2, -1),
(472, 'BEN HAMZA', 'MOHAMED', 'benhamza1_mohamed@yahoo.fr', NULL, '64f80d19ba11a488dcb884156697254b561aa25a467812adf80b31d4c20faeee', 1, 'GM128', '200007177128', 2, -1),
(473, 'BEN KACEM', 'MOHAMED', 'mohamedbenkacem685@gmail.com', NULL, '23796fa11713f79e9443ae4cd978790ecaf6f294440158ec9a3623dc21ead08c', 1, 'GM129', '200007177129', 2, -1),
(474, 'MEHREZ', 'MOHAMED', 'mehrez.med@gmail.com', NULL, 'a1bab2dd8e4b7d00d4f243c4d3672e8cf57a3500b08ac9d68bead35a7c4b6306', 1, 'GM130', '200007177130', 2, -1),
(475, 'JERBI', 'MOURAD', 'mourad.jerbi@gmail.com', NULL, '3fd6567ed6f14506b01bea248f299026e4817fe3b3b7d4851ac3ac00af11b32f', 1, 'GM131', '200007177131', 2, -1),
(476, 'DAOUED', 'MARIEM', 'meriem.daoud@ymail.com', NULL, '3cb7c9bbff00ffb769e1709d908912dd0f3fbac4e518ba561d7724254a1bd6e6', 1, 'GM132', '200007177132', 2, -1),
(477, 'CHERIF', 'MAKREM', 'cherifmakrem@yahoo.fr', NULL, 'b7ab74b8892f9d1d1a5e9fda733711931ab126280348af19f64f9deebd5a0238', 1, 'GM133', '200007177133', 2, -1),
(478, 'ATTIA', 'MANEL', 'attia_manel2007@yahoo.fr', NULL, 'b2635722243c5e7bec4ea1cb1a60d926a7748db9d2b0f61f7d839d6092d8458a', 1, 'GM134', '200007177134', 2, -1),
(479, 'DRIRA', 'MOUNA', 'mouna.driira@gmail.com', NULL, '494a35a5c237b6a67fdc1f10677f22b1adcefa07487a6bcb7780f3bfa23e99c6', 1, 'GM135', '200007177135', 2, -1),
(480, 'BOUDEN', 'MOUNIR', 'mounir_bouden2004@yahoo.fr', NULL, '90f6619e8673e0118134eca521c4e753fa8c614bb747a5efbfc595ccd8c8bb40', 1, 'GM136', '200007177136', 2, -1),
(481, 'HMISSI', 'NIZAR', 'hmissinizar@yahoo.fr', NULL, '835b161b8182ba2db4da57e92d6f14af139bb0b2920091a35dfd96ee0146cf30', 1, 'GM138', '200007177138', 2, -1),
(482, 'SAIED', 'NAZIHA', 'naziha_said@yahoo.fr', NULL, '76c86fdafed4466b00582a6841d64b8476cb04e0212e149ec53c6acd46903a95', 1, 'GM139', '200007177139', 2, -1),
(483, 'WAHABI', 'HANA', 'wahabi_hana@live.fr', NULL, '50cbeab4dbf063c4f5730b877bce8d6858b480d8ed1301e34bf373a397177ccb', 1, 'GM140', '200007177140', 2, -1),
(484, 'HARHOURI', 'WAHIDA', 'harhouri.wahida@hotmail.com', NULL, 'ca101eb62a8000e64cf4324393c092efa21d2b2d32842f023fe69057b87590f4', 1, 'GM141', '200007177141', 2, -1),
(485, 'KHMIRA', 'WAFA', 'khmirawafa@yahoo.fr', NULL, 'dffe18cf2293c630de41d9a29205d4b427bc7344557576eea6c2ca62119a4cdc', 1, 'GM142', '200007177142', 2, -1),
(486, 'BEN SALEM', 'SOUFIENE', 'sofianebensalem.sbs@gmail.com', NULL, 'd4de79edec2dde1fe9da20508c01ee211f5033d12d178c8549ab6f437be464c4', 1, 'GM143', '200007177143', 2, -1),
(487, 'CHOMMEKH', 'RIHEB', 'rihabchammakh@hotmail.fr', NULL, '5c739853252b5a954e35126bdd902000268e38ff8dcf1ecc837c342aae66e4c7', 1, 'GM144', '200007177144', 2, -1),
(488, 'GABSI', 'ABDEL HEDI', 'gabsihedi@yahoo.fr', NULL, 'f55c38b3db0dfc29d707591887ce51071a20557d078b26e3f7e0b222d279b4ef', 1, 'GM145', '200007177145', 2, -1),
(489, 'BOUAJILA', 'SOUFIENE', 'sofiane72001@yahoo.fr', NULL, '3f5f2151366e66372da8885a83a0b924e217760a549a4456fa70646065919ea4', 1, 'GM146', '200007177146', 2, -1),
(490, 'SAHBI', 'MARIEM', 'tahrimyriam@yahoo.com', NULL, '6601973f08ddc75226eed77fef7e1c9d59228a3cacff95340e0355d60b60a17b', 1, 'GM147', '200007177147', 2, -1),
(491, 'AMARA', 'BRAHIM', 'ibrahimamara_73@yahoo.fr', NULL, 'fa7e895842187d9d0aa8cdb8c310041316eb1825d36b3a0703653e0f774932b5', 1, 'GM148', '200007177148', 2, -1),
(492, 'MANKAI', 'WAHBI', 'wahbi.mankai@enit.utm.tn', NULL, 'bc03d3c46f2fb95d5a2a0a7b9f9b6ec2bdff58388185836479337fe90956925b', 1, 'GM149', '200007177149', 2, -1),
(493, 'MATHLOUTHI', 'SAFA', 'mathlouthi.safa@yahoo.fr', NULL, 'f98f9cb51a73019b6a2e63b5726cf5fdd34fb8cffba311e6859c69395b82c72b', 1, 'GM150', '200007177150', 2, -1),
(494, 'ZAYATI', 'MANEL', 'zayati_manell@yahoo.fr', NULL, '5419aa540012be4c3d80c5b40afa78612105108c18e9497e1545cc3e99a3179e', 1, 'GM151', '200007177151', 2, -1),
(495, 'BOUMAIZA', 'ZOHRA', 'zohra.boumaiza@yahoo.fr', NULL, '25faa78d75d88836e5c13afa18fcf4c07310cbd39e615761bf2b4b7b864fed4e', 1, 'SG101', '200008371101', 2, -1),
(496, 'BEN HMIDA ELEBRI', 'ELYES', 'elyes.elebri@gmail.com', NULL, '1ad028a7635361f7c964bcf39c7394d851b1f6d7fa897cacf1fabf5db9af62d5', 1, 'SG102', '200008371102', 2, -1),
(497, 'HAOUES', 'AMIRA', 'amirahaoues@gmail.com', NULL, '6697389555537c79d3fe0ab59c7f6aea098f9a19b7c0102dfabbcb63b8644a79', 1, 'SG103', '200008371103', 2, -1),
(498, 'BEN AHMED', 'INSAF', 'inbenahmed@gmail.com', NULL, '8b552bea9e2520d53b9edeeda546a57175194fe68fc0e80588616f3ac476f586', 1, 'SG104', '200008371104', 2, -1),
(499, 'SAYARI', 'IMEN', 'imen.gueddiche@hotmail.com', NULL, 'dd77329181dac0b647ee2d5c2036d1dc42dca79fddeaa024a50233d7dd86485c', 1, 'SG105', '200008371105', 2, -1),
(500, 'MILI', 'INES', 'ines.mili.ben.zaied@hotmail.fr', NULL, '83b4f7066723e3a460a37ed3af93828c13d28fb20e4bd5fc40944f0d118b632b', 1, 'SG106', '200008371106', 2, -1),
(501, 'NAFFOUTI', 'INES', 'naffoutiines@yahoo.fr', NULL, '85770c6e22186260011e6c47d559ca744aef491234872ab381fcfcea9dd5723d', 1, 'SG107', '200008371107', 2, -1),
(502, 'BOUZEYENE', 'RACHED', 'bouzeyen_rached@yahoo.fr', NULL, '613dcede409133ae887d41ff03d3f326ea3d68dec2c2eb3b8a7a20b654a54a68', 1, 'SG109', '200008371109', 2, -1),
(503, 'KSOURI', 'RIDHA', 'ridha_ksouri@yahoo.fr', NULL, '1adfdbd47238e6c96fba8fc5ceea483c9ee43cb9320c0adcd4c647b8d3f7aa55', 1, 'SG110', '200008371110', 2, -1),
(504, 'BEN ABDALLAH', 'ZIED', 'ziedbenabdallah60@yahoo.fr', NULL, '44122489b8fe3f856c15e0624df6a6eae43e052469cd776a64c4ca55d7972245', 1, 'SG111', '200008371111', 2, -1),
(505, 'KERKENI', 'ZAINEB', 'zeineb.kerkeny@yahoo.fr', NULL, '8b97a5e6c6c26f4cfa0062bed6b68cd1ecf799977134264c41ec1284553940d7', 1, 'SG112', '200008371112', 2, -1),
(506, 'BACCAR', 'SAMI', 'baccarus@gmail.com', NULL, 'cc611028563ec25a4df5f2fa2f983489cc72093a69ea60bc440415a920a66d00', 1, 'SG113', '200008371113', 2, -1),
(507, 'AZZA', 'SOUAD', 'azza_souad@yahoo.fr', NULL, '2843e17c67923fe3a75c39d87f7a9a5e67e2cc9e336d72299babc4acb3418b42', 1, 'SG114', '200008371114', 2, -1),
(508, 'REZGUI', 'SOUKEINA', 'rezguisoukaina@gmail.com', NULL, '4f19ff7ab4b32816f5994986d528dc893de238936e991cea1169f16114b38cb6', 1, 'SG115', '200008371115', 2, -1),
(509, 'BANI', 'SALOUA', 'salouabani@gmail.com', NULL, '315c317e2c701f080ec67fb757baaa434e1fb55dc9d810f8f848e474b2595e58', 1, 'SG116', '200008371116', 2, -1),
(510, 'RIAHI', 'SOUMAYA', 'soumayariahik@yahoo.fr', NULL, '6bf8be9251d486565a0f6fb848bdac90bce59217317fd25db244cf7f969e713c', 1, 'SG117', '200008371117', 2, -1),
(511, 'DERBEL', 'SANA', 'sanaderbel295@yahoo.fr', NULL, '56449c4ec1f74c5e16277475bec5dd1bc36999cafe7ffc7ca6822f49a84d2dce', 1, 'SG118', '200008371118', 2, -1),
(512, 'MARZOUKI', 'SENDA', 'sindatabbene@yahoo.fr', NULL, 'b559760c2232198a039ffaa231811510cbb988a8fbc44f4072f61b0db08b7b15', 1, 'SG119', '200008371119', 2, -1),
(513, 'MANKAI', 'SONIA', 'sonia_mankai@yahoo.com', NULL, 'af1d68aa677c75a146e1dca49132aee2410d5f86889110cdedab5ad3c398384d', 1, 'SG120', '200008371120', 2, -1),
(514, 'TMANI', 'SAHLA', 'sahla.tmani@gmail.com', NULL, '3dad91dbe54de1c82aeb38d36d8aa1121585309209a63238afbd80b9ffa5dcb2', 1, 'SG121', '200008371121', 2, -1),
(515, 'ABDELLATIF', 'CHAFIK', 'chafikabdellatif@yahoo.fr', NULL, '3e8271a69b95f837731481cf7d0f05278d44aa42a053ace45960ad9daac73a77', 1, 'SG122', '200008371122', 2, -1),
(516, 'BEJAOUI', 'CHOKRI', 'chokribejaoui.iset@yahoo.fr', NULL, '1e8e643ffb754c2e845a8bbbec50b4aac75dd3a877797f580a41c09042fcfd58', 1, 'SG123', '200008371123', 2, -1),
(517, 'ABDELLATIF', 'CHIRAZ', 'abdellatifchiraz@gmail.com', NULL, '9313c23dcf383f8fef19db1c113a1902ed7d78e8bfc976d500a27826e4323c1c', 1, 'SG124', '200008371124', 2, -1),
(518, 'DAOULA', 'SABEH', 'sabehdaoula@gmail.com', NULL, '16e85db3d57751a1f7f1d9b2cf5ffc423501e2b1ef43fc0018b2929f161f240f', 1, 'SG125', '200008371125', 2, -1),
(519, 'ARFA', 'ATIKA', 'atkaarfa@yahoo.fr', NULL, 'fcff33157e8a88c96b919af203c00ffc13d8ac780dc9d51303319a9a1cfcab1f', 1, 'SG126', '200008371126', 2, -1),
(520, 'KHOUJA', 'ADEL', 'khouja_adel@yahoo.fr', NULL, 'b629c954d76547d8f4b05d252741ed30db309cded364d7ec81945c8be9e1297a', 1, 'SG127', '200008371127', 2, -1),
(521, 'BELLIL', 'ABDERRAOUF', 'abd.bellil2@gmail.com', NULL, '5bb0aba6c4e9edd440e7f66de9c5756d48e7fd1f27756a46a0edd08ff3b9612e', 1, 'SG128', '200008371128', 2, -1),
(522, 'OUMAR', 'ISSAM', 'issam.omar2012@gmail.com', NULL, '751a690807a0ccc09617160182149459e1347d0c2cad6972fd364d98c57bc8bc', 1, 'SG129', '200008371129', 2, -1),
(523, 'FLIFEL', 'ALLALA', 'allala.flifel@isetr.rnu.tn', NULL, '6ad06a7830bca3e5fed669e63cf2854d95e18ed22a36383c312df70a23573903', 1, 'SG130', '200008371130', 2, -1),
(524, 'BELKAHLA', 'MOHAMED', 'belkahla_mohamed@yahoo.fr', NULL, '61255ace8a5f372b8293e9d14b934e853a199166e022c1865149ba301d0020aa', 1, 'SG131', '200008371131', 2, -1),
(525, 'CHELLY', 'MOHAMED ALI', 'mohamed_ali_chelly@yahoo.fr', NULL, 'cd7468f1a1161141eaa01e369ca5e0c6e194c48752901ea213e25f3634c86e95', 1, 'SG132', '200008371132', 2, -1),
(526, 'SGHAIER', 'MOURAD', 'sghaier.mourad@gmail.com', NULL, '43e168ff437c4c54b7a895ee91ef323d8b2e89beac5b50b0bc04c657249d8140', 1, 'SG133', '200008371133', 2, -1),
(527, 'OUERTANI', 'MERIEM', 'meriem.ouertani08@gmail.com', NULL, '61aba83419192dd99e42d12d4f48cd61812e4221dbcdda00291f029a5809e41a', 1, 'SG134', '200008371134', 2, -1),
(528, 'DAOUED', 'MOUNA', 'daoudmouna@gmail.com', NULL, 'd853a850610b54022a368acd0407e34b37d21053a0fe249c7df453c96129022d', 1, 'SG135', '200008371135', 2, -1),
(529, 'BOUSSAADA', 'NEDIA', 'nadia.boussaada@gmail.com', NULL, '4463c33c2ee0416828b32a1457c029b8fa3e03149a19684bcd97fb9c1f7cdafc', 1, 'SG136', '200008371136', 2, -1),
(530, 'MANOUBI BEN DHIA', 'NAJEH', 'wissembendhia@yahoo.fr', NULL, 'fb5b1c63828bbef5d38124fc106cfa360430f28a395acc94c29adc65a5032a6b', 1, 'SG137', '200008371137', 2, -1),
(531, 'BEN FEKIH EP. BOUZAIEN', 'NAJLA', 'najla_benfkih@yahoo.fr', NULL, 'ba0bb705a0c88b045d079fe123717c4cafd38e7eda0f5b0674450b246c4d7472', 1, 'SG138', '200008371138', 2, -1),
(532, 'RANEN', 'NOUR EL HOUDA', 'ranenenour@yahoo.fr', NULL, '0bd7da6e777326f56e4c319fb32cbe8490be8f51625748a741162ef400b421d2', 1, 'SG139', '200008371139', 2, -1),
(533, 'CHARFEDDINE', 'NAOUFEL', 'kzcharf@gmail.com', NULL, 'd4d5b5246e4ff9377fbe8b0e37225822699da12e23a50aa3895d5d40659d0800', 1, 'SG140', '200008371140', 2, -1),
(534, 'SAADI', 'WALID', 'saadi.walid@yahoo.fr', NULL, 'd90797f97ce844af4e35711c5cfa43706692e7b09e7db953fb294819640c7c42', 1, 'SG141', '200008371141', 2, -1),
(535, 'CHAKROUN', 'YASSINE', 'yassinenabeul@gmail.com', NULL, 'c5e11ba773e6b5ce8b1eeafa55493c784e43f77fbe022b95ae4635b5b64d3684', 1, 'SG142', '200008371142', 2, -1),
(536, 'KACEM', 'MOEZ', 'moezkacem@yahoo.fr', NULL, 'a36ed2fb0a94eed21b1130814b77afd71f35a5d12618fa5543a8bf0207f7e204', 1, 'SG143', '200008371143', 2, -1),
(537, 'BEZRATI', 'RAJA', 'bezratiraja@gmail.com', NULL, 'a5b52dbf97c8d370fa06d1d89b0d3e1ce8e8683e29af6fff3b3fe20ed597ab8c', 1, 'SG144', '200008371144', 2, -1),
(538, 'BEN HARRATH', 'THOURAYA', '', NULL, 'e905c2b261c99110daf3e11c47a18b253a1182ae6002799af6a0ff6df51ebceb', 1, 'SG145', '200008371145', 2, -1),
(539, 'BEN AZIZA', 'RIM', 'rimbenaziza@yahoo.fr', NULL, '40319399c0f40c49c23af942e882f9403705369113be806666369b6d4b0a0624', 1, 'SG146', '200008371146', 2, -1),
(540, 'REBAI', 'CHIRAZ', 'chiraz.rebai.douik@gmail.com', NULL, '230918a77738fd04dba4274796946d7ba14697a9f5aad05f003503356cd8defb', 1, 'SG147', '200008371147', 2, -1),
(541, 'MEJRI', 'JIHENE', 'jihenmejri2007@hotmail.com', NULL, 'e6798147f5124aac9cc582cdef2826cce934ad47c4fffc06bf924d2b74947beb', 1, 'SG148', '200008371148', 2, -1),
(542, 'HADJ SALEM', 'HAJER', 'hs_hajer@yahoo.fr', NULL, '2d151c3a08d6f8b99d01167ae539dc2f6c88531fc0a31db25af0fd906585cf55', 1, 'SG149', '200008371149', 2, -1),
(543, 'NAJJAR', 'SOUMAYA', 'souma_najar_ayech@yahoo.fr', NULL, 'dfeb798ae2af2812db3fedd282711bb5b58fd7b5b4901bb1ef18f24454610976', 1, 'SG150', '200008371150', 2, -1),
(544, 'SMIDA', 'SAMEH', 'sameh.smida@gmail.com', NULL, '51ece56f7ab53019b32bb2b4ee4570723ed90045ec5474850b7420ce3b93a561', 1, 'SG151', '200008371151', 2, -1),
(545, 'AZZOUNA', 'AHMED', 'azzouna_ahmed@yahoo.fr', NULL, 'dde92f4294b847f0b25753931376262ac39ce57008c92d3a5723706e86c3ea54', 1, 'TI101', '200008473101', 2, -1),
(546, 'EZAIECH', 'AMEL', 'ezzaichamel@yahoo.fr', NULL, 'a5b028500df3050c830db56f4039f532994e03f84cf074b33e5717095ee40f47', 1, 'TI102', '200008473102', 2, -1),
(547, 'LIMAM', 'INSAF', 'insaf.limam@gmail.com', NULL, 'df2a3fe1f70b48b577b934931fb00ee6fbff61d5344a4ded05a2a2845cec5bc5', 1, 'TI104', '200008473104', 2, -1),
(548, 'SGHAIER', 'IMEN', 'imene.sghaier@gmail.com', NULL, 'b39375e243c40d44674ece41cf4a0d5c452bc4e2e58238c68be5fe8add1ad61d', 1, 'TI105', '200008473105', 2, -1),
(549, 'HERZI', 'IMEN', 'emy_imen@yahoo.fr', NULL, 'feecf1f4f4fccdba79c6ad2759993d33efe66fe26f2c081d4f36588ebc777a29', 1, 'TI106', '200008473106', 2, -1),
(550, 'GHORBEL', 'INES', 'ines.ghorbel@gmail.com', NULL, '3ee74ccbabde25aee654c5161fc19708c84142bbdc6e93ee171b7867fcb4d40a', 1, 'TI107', '200008473107', 2, -1),
(551, 'HEDHLI', 'JIHEN', 'j_hedhli@yahoo.fr', NULL, '741a5891a222de8e705db552b0677053aa7839ffc3d1fcdd242006a9dbe05db2', 1, 'TI109', '200008473109', 2, -1),
(552, 'BOUARADA', 'KHALED', 'kbouarada@gmail.com', NULL, '170048d51b7f78a82bdc5b5829b40e327c5813036a6ee8efa35dac60aadabd96', 1, 'TI110', '200008473110', 2, -1),
(553, 'TLILI', 'RADHOUENE', 'tlili.radhouene@gmail.com', NULL, '53cb4c8af55d962d24efeba3b349d637d14d5303bc431c55e84def54a2d00c7d', 1, 'TI111', '200008473111', 2, -1),
(554, 'BETTAIBI', 'RAFIKA', 'rafikabettaibi@yahoo.fr', NULL, '4b6dbf4d1e28096351a88eb3e0d6f6a5f61195ca2430aa9985afded64dd31079', 1, 'TI112', '200008473112', 2, -1),
(555, 'MANSOUR', 'RIADH', 'mansour.riadh@hotmail.com', NULL, 'c77d5f03d1d2b92e0c3ca5921913604e48ae1c1563c9b94599f8eebfeab7424a', 1, 'TI113', '200008473113', 2, -1),
(556, 'BEN ROMDHAN', 'ZIED', 'gbrzied@gmail.com', NULL, 'c87b860311443f009422203a34848919c774dae77a2e34384216e897669e8bf7', 1, 'TI114', '200008473114', 2, -1),
(557, 'MNIF', 'SALIMA', 'mnifsalima@yahoo.fr', NULL, '82e38c9d135fc10a2a8fc7f9434df10284ff700082eea20aa8af12db324d5a8c', 1, 'TI116', '200008473116', 2, -1),
(558, 'AIDOUDI EP. CHELBI', 'SAMIA', 'samiachelbi@hotmail.fr', NULL, '0e59a9d3582c5a0d576ea5d8f7206c637e7f47c585eeaab95d04ce1859c239f6', 1, 'TI117', '200008473117', 2, -1),
(559, 'HOUAS EP. AZZABI', 'SANA', 'sana_haouas@yahoo.fr', NULL, '5b130aa8c14cd0a1664ffe2970f25bc070629aaccc26e486f7fae646b86baefb', 1, 'TI118', '200008473118', 2, -1),
(560, 'GUERBOUJ', 'SONIA', 'guerbouj_sonya@yahoo.fr', NULL, '6053599d17e4bf0ab61b890de0ce47fb3dac5b675bfdde334bade9f02fd3235a', 1, 'TI119', '200008473119', 2, -1),
(561, 'BOUSSETTA', 'CHOKRI', 'chokri.boussetta@gmail.com', NULL, '2d16d5cc71a204a2db3009447f529e1eba38772a3191d5a3f2a55471f439912b', 1, 'TI121', '200008473121', 2, -1),
(562, 'OUESLATI', 'CHAWKI', 'chauki-ouesleti@outlook.fr', NULL, '700db607503d52c4b3735fa3475e68c4950be2afc2b3e121949c0ddd9b987abb', 1, 'TI122', '200008473122', 2, -1),
(563, 'ELAMERI', 'CHAYMA', 'chayma.ameri@gmail.com', NULL, 'ea1e08518482b1538529cfb924587465db93db6a32f9959d6dea899a944e06b1', 1, 'TI123', '200008473123', 2, -1),
(564, 'CHALLOUF', 'SABRI', 'sabri.challouf@gmail.com', NULL, '7f59f76221c3914754eae5534cd682f1f418a89168be5da22556a5ea337088b2', 1, 'TI124', '200008473124', 2, -1),
(565, 'CHEBAANE', 'AIDA', 'aida_chebaane@yahoo.fr', NULL, '1f45fce8b3597ddbf98cdc5360913e4bae8f36f6151923a47277aee5744fc3c1', 1, 'TI125', '200008473125', 2, -1),
(566, 'KHALDI', 'ABIR', 'abirakaldi@yahoo.fr', NULL, 'd38f14f50a53b558d94f72f4dc27c0f23eebc621a54a07d60d61e9fa957549b5', 1, 'TI126', '200008473126', 2, -1),
(567, 'FKIRI', 'AFEF', 'afeffkiri@gmail.com', NULL, '73f94802dbb9c7ce90a8c82fa4d772e8e959a8c06571c562408ba889a72d6905', 1, 'TI127', '200008473127', 2, -1),
(568, 'ZRIBI', 'IMED', 'imedzribi@yahoo.fr', NULL, '78c6324c7df49c8b8701cc5e8d85211f0e88b9471b7dee7eebc0ed900e73e3bc', 1, 'TI128', '200008473128', 2, -1),
(569, 'SOUSSI', 'IMED', 'soussi.imed@yahoo.fr', NULL, '5ee7999fefe655e546fcfef4283f5f2657e8734d3d8d65341aaf7b016f2da615', 1, 'TI129', '200008473129', 2, -1),
(570, 'OUERGHEMI', 'FATMA', 'derby_fr2001@yahoo.fr', NULL, 'f3b5b696e477c591e337262c4aba0a953b1fc66285e01c6becb2c3ba6b161e6e', 1, 'TI130', '200008473130', 2, -1),
(571, 'DHAHRI', 'MBAREK', 'mbarek.dhahri@gmail.com', NULL, '0d45109f72c73c64d59b14b79c4e5fa29d863e42160ddf80857d10e810a71273', 1, 'TI131', '200008473131', 2, -1),
(572, 'KHMIRI', 'MEHASSEN', 'mahassenk@yahoo.fr', NULL, '412a1e45119faaf62993e2624e2eb2f51d7ee07f65583df89fcc793ba295866d', 1, 'TI132', '200008473132', 2, -1),
(573, 'HMIDA', 'MED FAOUZI', 'faouzi.hmida@isetch.rnu.tn', NULL, 'bf67322f71af86022466065ccf3ac16882eaccdb426148b0addf7ccc096d80a5', 1, 'TI133', '200008473133', 2, -1),
(574, 'ISSAOUI', 'MED NAJEH', 'mednajehissaoui@gmail.com', NULL, 'dfc71e9c7cb55f390d6686f8acea6a9aaf19f3738e812e2f408fcd03f515040e', 1, 'TI134', '200008473134', 2, -1),
(575, 'BEN ROMDHAN', 'MOURAD', 'mourad.benromdhan@gmail.com', NULL, '3535ed2963a01499d3ceb20eedbe136faba9632ff0aef0d4b47a12c39b43e9d0', 1, 'TI135', '200008473135', 2, -1),
(576, 'MRABET HAMZA', 'MANEL', 'hamza.manel@gmail.com', NULL, '4dd5dfdece71cb49be0ed48fecf382e352f4b9ea8bd84e292b111fb938106473', 1, 'TI136', '200008473136', 2, -1),
(577, 'BEN TOUATI', 'NEJIA', 'nejia.btouati@gmail.com', NULL, '9693e43657945599bc4fe0f360f8aaa6a6fd59d1117a55408a801aebf8315420', 1, 'TI137', '200008473137', 2, -1),
(578, 'BELHADJ', 'NADHEM', 'nadhemb@yahoo.com', NULL, '4f47dbfe22f72a9cd0dcdf0fb58d578a8eaa06fed9b018010f2bce2162d22a40', 1, 'TI138', '200008473138', 2, -1),
(579, 'REJEB', 'NABIL', 'nabil.rejeb@gmail.com', NULL, '9c27c8459f9d087443a644cd1a50420b6631e6427cba652ecdfd039a01f6d1c0', 1, 'TI139', '200008473139', 2, -1),
(580, 'MEDDEB', 'NOUCEYMA', 'nouceimameddeb@yahoo.fr', NULL, '64089263379b1fc4b836a9d4080c82aad64af71fc638dd627a4bdd726ff0ed45', 1, 'TI141', '200008473141', 2, -1),
(581, 'FERJANI', 'NIDHAL', 'nidhal.ferjani@gmail.com', NULL, '9500418f352cef28120e0d84d259a380c7c1f864b49b70a4366f331ac2b829bf', 1, 'TI142', '200008473142', 2, -1),
(582, 'DAGHFOUS', 'NAIMA', 'naiima.daghfous@gmail.com', NULL, '5e465c729fdfbce61b051cb0700cd682f8679ceae49b928942c0021da3470ff8', 1, 'TI143', '200008473143', 2, -1),
(583, 'FAKER', 'NAOUFEL', 'naoufel.faker@yahoo.com', NULL, 'cc62526db61d390f2c0c76c83e5fd05cf045261e738ed2af2c405521304bbb04', 1, 'TI144', '200008473144', 2, -1),
(584, 'MHAFDHI', 'HOUDA', 'mhafdhihouda@gmail.com', NULL, '91ea63ca56c70efc528a35666f60a348a4ce6c517619a6ef32ed2a7a5cae0a64', 1, 'TI145', '200008473145', 2, -1),
(585, 'HADDAJI', 'HOUNEIDA', 'haddajihouneida@yahoo.fr', NULL, '026956723bca928b8424771324cd7e05eabed8096db8c3a915867dd4a7410fb6', 1, 'TI146', '200008473146', 2, -1),
(586, 'BEN JANNET', 'WALID', 'daoudawalid@gmail.com', NULL, '1bfd1c2f68984241d3765220e6085f5c88b32b52aec3e674ae5790efefc578b6', 1, 'TI147', '200008473147', 2, -1),
(587, 'DAHMANE', 'ADEL', 'adeldahmane@yahoo.fr', NULL, '3f7510f1789b1fc142e57eab78f35cdc150afdce6f52722f2fc5bc61572ed985', 1, 'TI148', '200008473148', 2, -1),
(588, 'MAJDOUB', 'SAFA', 'safaamejdoub@gmail.com', NULL, '59f5224f7590d7172f2928f99eff3e9247888a96bd2a88f6dabfb3cba86ee673', 1, 'TI149', '200008473149', 2, -1),
(589, 'REFAI', 'SANA', 'sana.refai@gmail.com', NULL, '5ea2a14bd22a88ee5f0e76f157095bd5da15efafa4ed7b89c7b12f9098c47b32', 1, 'TI150', '200008473150', 2, -1),
(590, 'EDDAI', 'EL AMJED', '', NULL, '4572e7a4cdeff41bc6e24c85a167df76112525819a5130936754f4aa4911964c', 1, 'VA001', '200008665001', 2, -1),
(591, 'BEN AMOR', 'HEDI', '', NULL, 'ac2a5c1a9b4504ae64136d386226a1dc54320d653a1658fb480e01fc4f141197', 1, 'VA002', '200008665002', 2, -1),
(592, 'FERJANI', 'HAMADI', '', NULL, 'e772c9a409c57c1b151dd4cf70e5e6462202697aee7f913d11278bc0b6455ad4', 1, 'VA003', '200008665003', 2, -1),
(593, 'BOKRI', 'HANENE', 'bokri.hanene@yahoo.fr', NULL, '224eb9e48f206e414a4ff3f12c98d5bfcbb0f82384c452b88cd56e3722587588', 1, 'VA004', '200008665004', 2, -1),
(594, 'BEN OTHMAN', 'HANEN', 'hanenb.oth@gmail.com', NULL, '218b07e3488bf042333c142b2888c7d876d8d8e1c7bc7d309c96de46b747f908', 1, 'VA005', '200008665005', 2, -1),
(595, 'BRAHIM', 'KHAOULA', 'khaoula_brahim@yahoo.fr', NULL, 'f6ea4aa2cdbe7e69b6b0a366c576c9a5eec25b482716639101e845da8963917b', 1, 'VA006', '200008665006', 2, -1),
(596, 'ZGUEB', 'RIHAB', 'rihab_zgueb@yhoo.fr', NULL, '660c5a9563c18852ab23fc853c250db39c7238098db55383a9a630199224fb47', 1, 'VA007', '200008665007', 2, -1),
(597, 'REJEB', 'ROUKAYA', 'roukayarejeb@yahoo.com', NULL, '72e43f52d52cd0b02a956ddd4144f8a9f7cd47785ddc2cfcb030f81744a63a77', 1, 'VA008', '200008665008', 2, -1),
(598, 'ZGUEB', 'RIM', 'rim_zgueb@hotmail.fr', NULL, 'dcda6c0b23e8363acd3ee8df735af927af89e190e3a95b86e12da8b3af35cb44', 1, 'VA009', '200008665009', 2, -1),
(599, 'ATTIA', 'ZOUHOUR', 'zohourattia@hotmail.com', NULL, '66c3f481fb6d3132ec9134f11fd605ab764764330d1788c4c1609934cf3b2cdc', 1, 'VA010', '200008665010', 2, -1),
(600, 'HAMMAMI', 'SARRA', 'sarra.hammemi@hotmail.com', NULL, '1ba53b877e08481422760567de0d64f808de9bb4b251408ed64c7b6f2b915276', 1, 'VA011', '200008665011', 2, -1),
(601, 'MNARA', 'SLIM', '', NULL, '9338f1998431f1780e0341c49fe93aa4858f61c1d172faba3ec7377a94493546', 1, 'VA012', '200008665012', 2, -1),
(602, 'BEN HMIDA', 'SLAH', 'slah.benhmida@isetn.rnu.tn', NULL, '7199228f8e6bef754042e9fb956df21ffff43981bed6fc3cf1febb1e8228e9b6', 1, 'VA013', '200008665013', 2, -1),
(603, 'BEN HAMID', 'ADEL', '', NULL, 'd43a1f42009bafd8d1ade1f5ac9402f08548779492e170830d2cfb57c977d283', 1, 'VA014', '200008665014', 2, -1),
(604, 'BADIS', 'AFEF', 'badis.afef@gmail.com', NULL, '16955f330f91c2f26a00342ad221718c0d9a89a2cdf23b29a8ca620e4c2aa3f6', 1, 'VA015', '200008665015', 2, -1),
(605, 'GARALI', 'FAKHREDDINE', 'garali_fakhreddine78@gmail.com', NULL, '1fff1edc41af490091b69b0898a5ce6d8616f7e3f1a7822c151aaca7a0c36905', 1, 'VA016', '200008665016', 2, -1),
(606, 'ALI SALAH', 'FAWZI', '', NULL, '7e6567061bce9bf41444653802ba761e30c6307c2422b150771924b780d00b52', 1, 'VA017', '200008665017', 2, -1),
(607, 'BEN SALEM', 'MOHAMED', '', NULL, 'e80bc0d81338f155e9fae24cb078e6bb98cdccb69da5b76c80b113b58fae2ac0', 1, 'VA018', '200008665018', 2, -1),
(608, 'BEN AMARA', 'MAHMOUD', 'ba_mahmoud@yahoo.fr', NULL, '9bd86a8fd88ef903efefa9a978597437d048ec8777f23f0147b20ed64fc27ff9', 1, 'VA019', '200008665019', 2, -1),
(609, 'ANTIT', 'MONGI', '', NULL, 'f33de0081b759f0ad5ba213f4d9b9c451f10d05c67af87ee0fe41ba0349d026f', 1, 'VA020', '200008665020', 2, -1),
(610, 'CHALLOUF', 'NESSRINE', 'nesrinechallouf@yahoo.fr', NULL, '9a24fcf37ea86cff1ef57beb3dd55a2caafaeeb56b722dd38648aebb02004238', 1, 'VA021', '200008665021', 2, -1),
(611, 'HALFAOUI', 'HANA', '', NULL, '9e97a735018977565a38812f0a6c6034f9781034b68e460ee24b71e0c15bec02', 1, 'VA022', '200008665022', 2, -1),
(612, 'DEROUICHE', 'HANA', '', NULL, '21e1084aa4227c83daad41a4cc5f3f4f83d681ee9d88f323e43b7a0f41225e52', 1, 'VA023', '200008665023', 2, -1),
(613, 'BEL HADJ ALI', 'HAIFA', 'haifa.belhadj@gmail.com', NULL, '71c3ddbcd849ae93bd6a7a3bf9954276310a97fe544f9871f2bb61221e2c2d90', 1, 'VA024', '200008665024', 2, -1),
(614, 'BOUAJINA', 'HAYKEL', 'b_hay64@hotmail.com', NULL, '69e10e3c4b3fcafacf574c386c90b77fc30283899bf0fc2b31b6a0daa3930733', 1, 'VA025', '200008665025', 2, -1),
(615, 'DAMERGI', 'LEILA', '', NULL, '3a69179e9f930223c67915d2bea8da9a652dfd86180f822abafcd72421413c1a', 1, 'VA026', '200008665026', 2, -1),
(616, 'BEN JABER', 'CHOUROUK', '', NULL, '89980e8c9f79f49153ffc444b899818dc00f177d3ef1cd38ad1b134113a51ccd', 1, 'VA027', '200008665027', 2, -1),
(617, 'HAMZA', 'MANEL', '', NULL, '8219bfb1813f70b58b99334e02622f86ed4c6d026c41cfedf31ff257155f0118', 1, 'VA028', '200008665028', 2, -1),
(618, 'CHABCHOUB', 'MED HEDI', '', NULL, '6f68fafa50eaa3d73f41f22311d7a3072e9717a34c220628683b5badd1fc9543', 1, 'VA029', '200008665029', 2, -1),
(619, 'BECHEIKH', 'MED KARIM', '', NULL, '3ad12c70a92fbcc4a30caaab6d7a6146ed55604b0603351dcdaa13cc5c347b85', 1, 'VA030', '200008665030', 2, -1),
(620, 'EL AISSI', 'MOHSEN', '', NULL, '9c269af2d0f3d6b39415ca8683f9134999acfb91d4a736be8294659de53b4afd', 1, 'VA031', '200008665031', 2, -1),
(621, 'MAHJOUB', 'HAYTHEM', 'mahjoub.haithem@gmail.com', NULL, '168d408b15de8e4246e4e23fac860747fcbeeaee203357888730c2ac677d2f1e', 1, 'VA032', '200008665032', 2, -1),
(622, 'ABIDI', 'HATEM', '', NULL, '7fdd98ebabf90e3d5c9ddf2bb4e18d2c6326015e8c7698dbe5bd3676604925de', 1, 'VA033', '200008665033', 2, -1),
(623, 'ELLEUCH', 'NESSRINE', 'nesrine.elleuch@gmail.com', NULL, '58d84ba679e322c68f367ee276fc3ab110464ff3eb11f8cca0d96f80628d83d5', 1, 'VA034', '200008665034', 2, -1),
(624, 'HEMDANE', 'SABRINE', 'sabrinehamdenne@gmail.com', NULL, '9ad47a41e8eaa27c09d4bf8510a70aec7cc47fe2c357d224b4006e3368de11c9', 1, 'VA035', '200008665035', 2, -1),
(625, 'ABDOU', 'MED BECEM', 'mohamedbasem.abdou@gmail.com', NULL, '61cc3577b8a252ad2c3b5c64b5a02136a9eff7abdcf849a26a97905e0dd820ea', 1, 'VA036', '200008665036', 2, -1),
(626, 'CHEMANGUI', 'NIZAR', 'nizar.chemingui@gmail.com', NULL, '3d533af71a04737508831d58a259b33e49df2b01561b926593723acdcad5778c', 1, 'VA037', '200008665037', 2, -1),
(627, 'BAHROUN', 'SARAH', 'sarahbahroun15@gmail.com', NULL, '434483371b0d72aa1b99d021c880642f8e15b1f469ab5e9753f69fa132ad6fe1', 1, 'VA038', '200008665038', 2, -1),
(628, 'BOUSSLAMA', 'SLAH EDDINE', '', NULL, 'abf0d2d2f11dd863eb91136444730b720ca677187ceee439057d40a670ae5dc8', 1, 'VA039', '200008665039', 2, -1),
(629, 'BEN FRAJ', 'NIZAR', '', NULL, 'b01bf58f6debabd552a6734b030cf6606b806891e2e92deab4db6ff0e5913157', 1, 'VA040', '200008665040', 2, -1),
(630, 'HAMDOUN', 'IMEN', 'imene.hamdoun@gmail.com', NULL, '51f2ff1ada06e56f1a65d9239f4062b416c05a6b96ea39540dc66a6c4daa5d8e', 1, 'VA041', '200008665041', 2, -1),
(631, 'BEN DHAFER', 'MOHSSEN', '', NULL, '9a15147e104cddace1fef8eb46fe3623e8447803ed71a0cde4f126fdb321b695', 1, 'VA042', '200008665042', 2, -1),
(632, 'DIMASSI', 'WAEL', '', NULL, '16abdad7134dcfd835b6dc25b80c2545354f831a87a133c66725f1f40808b338', 1, 'VA043', '200008665043', 2, -1),
(633, 'MESSADI', 'AMEL', 'amal.messadi@yahoo.com', NULL, '819c4457ce07a9226adbc49d1e176b9ce0063fbc8e35389566be452a0f85a936', 1, 'VA044', '200008665044', 2, -1),
(634, 'HAMMAMI', 'MAHA', 'hammami,maha91@gmail,com', NULL, '19b3cc6cc778eef2a5b2cd1001fca43085044109f63849f700fb2dfdc795b4c0', 1, 'VA045', '200008665045', 2, -1),
(635, 'GHAZOUANI', 'ABDELKADER', '', NULL, '07c49addb956e4549e314ab8a5e810c4bff26ab6920bcb74d057e0ae77fec09e', 1, 'VA047', '200008665047', 2, -1),
(636, 'DIMASSI', 'MALEK', '', NULL, 'd409e18e73711bfa9ecce64a506f2d148e5f411e7eb9511f52a645c9501e45e9', 1, 'VA048', '200008665048', 2, -1),
(637, 'ZGOLLI', 'NAWEL', '', NULL, '67ae8ff827a0cecc9bca4baca3f9f22ecdf98dc0f828fddd18697c5f46daf972', 1, 'VA049', '200008665049', 2, -1),
(638, 'MOULA', 'MED ALI', '', NULL, '1d217cd211ba291904e2627a3f36db2ca214518d99da19bb1ac210d90ca8d8c2', 1, 'VA050', '200008665050', 2, -1),
(639, 'INFORMATQUE1', 'XXXXX GM XXXX', '', NULL, '3498081a398814f5251a70c34c562db5af17890b9c3fb2496454497a924d1e75', 1, 'VA051', '200008665051', 2, -1),
(640, 'MANSOUR', 'MED JAOUHER', '', NULL, 'e0c216856449e28653235ec25a789b45e8d683833a226415984ca72c367761b7', 1, 'VA052', '200008665052', 2, -1),
(641, 'MASTOURI', 'MENIAR', '', NULL, 'b9ad5bdfa2bc7aaead753428047b0d7cc4af352ae2926e56d1342d1ab5b1646d', 1, 'VA053', '200008665053', 2, -1),
(642, 'ABDELHAMID', 'MOHAMED', '', NULL, 'a7958a143b70049e07fa0bae69d6759d0dde748bb19c08b1a71502bf7d1d7624', 1, 'VA054', '200008665054', 2, -1),
(643, 'ABBES', 'ALI', 'aly.abbes@gmail.com', NULL, '8614ad7dbb7cc881f29e072c8b6090180a4ed831c28d9c14e40f4526c242823e', 1, 'VA056', '200008665056', 2, -1),
(644, 'ALLOUS', 'CHAKER', 'chekerallous@gmail.com', NULL, '7d8c7e33fe964f0f27e4a10e0ef8ff5933e69f8f94cd4dd717dbc653555f6621', 1, 'VA059', '200008665059', 2, -1),
(645, 'CHIBOUB', 'AMIRA', '', NULL, '69883c56d75fc96fb060708fed5fa57cb08f7c482bbe7b3f3a0b786cb95a4fcc', 1, 'VA060', '200008665060', 2, -1),
(646, 'KAROUI EP. CHAABEN', 'AMNA', 'emnakaroui@yahoo.fr', NULL, 'a9a6dd45b7af04ed49176331843d307d7b44e5e05abe97a4de7ff13f3b5b2620', 1, 'VA061', '200008665061', 2, -1),
(647, 'GRAMI', 'MARWA', '', NULL, '56de79d9152ad2533b5b5583241351bd17e4be03e65883ca7a8846699e095913', 1, 'VA062', '200008665062', 2, -1),
(648, 'LACHHEB', 'AYMEN', '', NULL, '3a734d734c239ee229aa8c2f86f9ee9eabd58056cac15923b4d63239e97ee67b', 1, 'VA065', '200008665065', 2, -1),
(649, 'GROUZ', 'NEJLA', '', NULL, '201d20b1ca0f0bec9bbabe60c5f17bb3c76f61a597b36968854a60ae7c4bd8fe', 1, 'VA066', '200008665066', 2, -1),
(650, 'BEN SLAMA', 'SONIA', '', NULL, 'c5035557b680ceb66fb33af7c92bb2a8608595b1fff8b5ec7a41f47eda5e4fad', 1, 'VA067', '200008665067', 2, -1),
(651, 'CHAABANI', 'YASSMINE', 'chaabanijasmin@gmail.com', NULL, 'b494258477a7ed7a3e4254c25c73ab47dfcec413db042894f1c2ca81d41d98c0', 1, 'VA068', '200008665068', 2, -1),
(652, 'DRIDI', 'AMANI', '', NULL, '67c26261957bc7a40308cac9337003ad2009f7d16315a511a1e93ffc366eafa9', 1, 'VA069', '200008665069', 2, -1),
(653, 'MHEMMED', 'ABDERRAHMAN', '', NULL, 'fb49bb2c86101338fd38aedfe055f758370fa1ac5593a6647453a9ca12ad06b1', 1, 'VA070', '200008665070', 2, -1),
(654, 'NAJJAR', 'CHIRAZ', 'chiraz.najjar.drsn@gmail.com', NULL, '5f78134fecbddd6fa77f1bea05b546e07139dcb7774d20b062a7d41132dc9cba', 1, 'VA072', '200008665072', 2, -1),
(655, 'SNOUSSI', 'HAFEDH', '', NULL, '5b2a90832a404b76437e870089632d4bdf53c141280b3eea16c4a0b82b51caf6', 1, 'VA073', '200008665073', 2, -1),
(656, 'SALLEM', 'HANA', '', NULL, 'bef4e0ece4e4e1718e46526e1bdb76f92db34fcfe09650ec816d26963cfb91f8', 1, 'VA074', '200008665074', 2, -1),
(657, 'ZOUARI', 'HELA', '', NULL, '53b279d1a74315beb2d4ea1b5e6e660ae08c9cd0dba27921e1ebcd5dfe581749', 1, 'VA075', '200008665075', 2, -1),
(658, 'BECHEIKH', 'HOUAIDA', 'b.cheikhhouaida@gmail.com', NULL, '1518312130dcefced8a9e376e3b989526d11100293ef24236dd41c65ed65ea00', 1, 'VA076', '200008665076', 2, -1),
(659, 'JEDIDI', 'JAMILA', '', NULL, 'c3b68b2fd07ffca13d1677b11737e559f11de765a8451321db49cf8eada00bd6', 1, 'VA077', '200008665077', 2, -1),
(660, 'JERBI', 'MAHRANE', '', NULL, '728dbec241109b1b7de10524416348665d29c8db99e4df562e28ee51bdde0002', 1, 'VA078', '200008665078', 2, -1),
(661, 'KANI', 'MARWA', 'kani.marwa07@gmail.com', NULL, 'e5bb9f5d56be30518df719bd191f6adc7aa48f84c23ef244a0bef6da3c98cdf7', 1, 'VA079', '200008665079', 2, -1),
(662, 'ZIADI', 'MEHDI', '', NULL, 'd518ad92855b7da63bad8bbe63b231fc2f346112060480d7efd137e497ff196c', 1, 'VA080', '200008665080', 2, -1),
(663, 'BOUZID', 'SIWAR', 'siwar.bouzid2@gmail.com', NULL, '43a9bc7a75a7293ebaf9f3af67636f38ac826d156be3982568ca5337c8c06713', 1, 'VA081', '200008665081', 2, -1),
(664, 'BEN SALEM', 'SOUROUR', '', NULL, 'b1b36086d9db5e5f3d664320b2815619afd1e99fe1a19cd5b75ba6862dd6528e', 1, 'VA082', '200008665082', 2, -1),
(665, 'HAMZAOUI', 'WISSEM', '', NULL, 'b4c99101ab924d03b44fc6d5f84c9b131a082d5e1b80b78ccebfc0b478007291', 1, 'VA083', '200008665083', 2, -1),
(666, 'EL JAZI', 'SABRI', '', NULL, '17435bde14e475a55b10fda0913506f346e6e26ad8d718d22129354074261e93', 1, 'VA084', '200008665084', 2, -1),
(667, 'AYED', 'ACHRAF', 'achraf.ayed@gmail.com', NULL, '24f4c8c1d81b7d9bbaf45f3a866df1e5572f4a8b07636cae8f1f7c9acc261164', 1, 'VA085', '200008665085', 2, -1),
(668, 'CHERIF', 'RABEB', 'rabebcherif@gmail.com', NULL, '4a80b054a7e9e0fe3168d5c9020230f6a24c63d439e568b93ccd1a6ef541a56e', 1, 'VA086', '200008665086', 2, -1),
(669, 'CHELLY', 'NEDIA', 'chellynadia05@gmail.com', NULL, '0b78044919062c26bd1a6b72e699bce0eca1c9046ce645ede29b741e3c030c08', 1, 'VA087', '200008665087', 2, -1),
(670, 'AMARA', 'NEHLA', '', NULL, 'e476424067dfad18db6cec5a0cf400cbf8e950e1125c0c3862b87d36811b8c3a', 1, 'VA101', '200008665101', 2, -1),
(671, 'FERCHICHI', 'FATMA', 'fatma.nadine@gmail.com', NULL, '1b4c0ee783a30c5f7a3a03b64837c86dcdab806c7ca13b0450c293ebe7449e3b', 1, 'VA102', '200008665102', 2, -1),
(672, 'DHOUIHRI', 'CHIHEB', '', NULL, '239198ed5a7d8c3ec5dda70d5229de49bf94225b9b46beff668bba36fe334ec8', 1, 'VA103', '200008665103', 2, -1),
(673, 'DRIDI', 'YASMINE', 'jasmine.drydy@gmail.com', NULL, '7f1e3cf961262e36fb9f9b2f90bebd6b9bafd74ec890a0128a779f187189e2cc', 1, 'VA104', '200008665104', 2, -1),
(674, 'SALEM', 'AMENI', 'salem_ameni@yahoo.fr', NULL, '02071a37dd9a52a6b817cf889b9de22471ec3ec1d122440db762e722fcfde4eb', 1, 'VA105', '200008665105', 2, -1);
INSERT INTO `utilisateur` (`IDUtilisateur`, `Nom`, `Prenom`, `Mail`, `Tel`, `MDP`, `Role`, `Code`, `CodeBarre`, `Compte`, `MarkedAsDeleted`) VALUES
(675, 'MESSAADI', 'AIDA', '', NULL, 'b504c38729c22e3657033a6cd0a34c02fce86531346914d3d30d8c721031dc52', 1, 'VA106', '200008665106', 2, -1),
(676, 'MOUINE', 'NARJESS', '', NULL, 'a0bede6f3ccc6e683926a6af74a980fb7b253493a7126f4297e22d3e4ad0861f', 1, 'VA107', '200008665107', 2, -1),
(677, 'FEKIH', 'AHMED', '', NULL, '96b80b403b4d6ede83776739b1e45b7d7040134cb73740528644056e6adf99c2', 1, 'VA108', '200008665108', 2, -1),
(678, 'CHAAWANI', 'HOUDA', '', NULL, 'e7cc4ba297676f084a6b6e658355163f350fbb452342f2b4694501f321a9fe75', 1, 'VA109', '200008665109', 2, -1),
(679, '?????????', '?????', '', NULL, '669f806ba3f81d0e3751267dc2d5a5ea0964bb8e4a3abbe887cb8495dd0add13', 1, 'XX999', '200008888999', 2, -1);

--
-- Contraintes pour les tables déchargées
--

--
-- Contraintes pour la table `hardware`
--
ALTER TABLE `hardware`
  ADD CONSTRAINT `hardware_ibfk_1` FOREIGN KEY (`IDModel`) REFERENCES `model_hardware` (`IDModel`) ON DELETE CASCADE ON UPDATE CASCADE,
  ADD CONSTRAINT `hardware_ibfk_2` FOREIGN KEY (`IDMagasin`) REFERENCES `magasin` (`IDMagasin`) ON DELETE CASCADE ON UPDATE CASCADE,
  ADD CONSTRAINT `hardware_ibfk_3` FOREIGN KEY (`IDFournisseur`) REFERENCES `fournisseur` (`IDFournisseur`) ON DELETE CASCADE ON UPDATE CASCADE,
  ADD CONSTRAINT `hardware_ibfk_4` FOREIGN KEY (`IDSalle`) REFERENCES `salle` (`IDSalle`) ON DELETE CASCADE ON UPDATE CASCADE;

--
-- Contraintes pour la table `intervention`
--
ALTER TABLE `intervention`
  ADD CONSTRAINT `intervention_ibfk_1` FOREIGN KEY (`IDHardware`) REFERENCES `hardware` (`IDHardware`) ON DELETE CASCADE ON UPDATE CASCADE,
  ADD CONSTRAINT `intervention_ibfk_2` FOREIGN KEY (`IDSalle`) REFERENCES `salle` (`IDSalle`) ON DELETE CASCADE ON UPDATE CASCADE,
  ADD CONSTRAINT `intervention_ibfk_3` FOREIGN KEY (`IDUtilisateur`) REFERENCES `utilisateur` (`IDUtilisateur`) ON DELETE CASCADE ON UPDATE CASCADE,
  ADD CONSTRAINT `intervention_ibfk_4` FOREIGN KEY (`IDAdmin`) REFERENCES `admin` (`IDAdmin`) ON DELETE CASCADE ON UPDATE CASCADE;

--
-- Contraintes pour la table `louer_hardware`
--
ALTER TABLE `louer_hardware`
  ADD CONSTRAINT `louer_hardware_ibfk_1` FOREIGN KEY (`IDAdmin`) REFERENCES `admin` (`IDAdmin`) ON DELETE CASCADE ON UPDATE CASCADE,
  ADD CONSTRAINT `louer_hardware_ibfk_3` FOREIGN KEY (`IDUtilisateur`) REFERENCES `utilisateur` (`IDUtilisateur`) ON DELETE CASCADE ON UPDATE CASCADE,
  ADD CONSTRAINT `louer_hardware_ibfk_4` FOREIGN KEY (`IDModel`) REFERENCES `model_hardware` (`IDModel`) ON DELETE CASCADE ON UPDATE CASCADE;

--
-- Contraintes pour la table `magasin`
--
ALTER TABLE `magasin`
  ADD CONSTRAINT `magasin_ibfk_1` FOREIGN KEY (`IDSalle`) REFERENCES `salle` (`IDSalle`) ON DELETE CASCADE ON UPDATE CASCADE;

--
-- Contraintes pour la table `message`
--
ALTER TABLE `message`
  ADD CONSTRAINT `message_ibfk_1` FOREIGN KEY (`IDUtilisateur`) REFERENCES `utilisateur` (`IDUtilisateur`) ON DELETE CASCADE ON UPDATE CASCADE;

--
-- Contraintes pour la table `model_hardware`
--
ALTER TABLE `model_hardware`
  ADD CONSTRAINT `model_hardware_ibfk_1` FOREIGN KEY (`IDMarque`) REFERENCES `marque` (`IDMarque`) ON DELETE CASCADE ON UPDATE CASCADE;

--
-- Contraintes pour la table `reclamation_hardware`
--
ALTER TABLE `reclamation_hardware`
  ADD CONSTRAINT `reclamation_hardware_ibfk_1` FOREIGN KEY (`IDEtat`) REFERENCES `etat` (`IDEtat`) ON DELETE CASCADE ON UPDATE CASCADE,
  ADD CONSTRAINT `reclamation_hardware_ibfk_2` FOREIGN KEY (`IDIntervention`) REFERENCES `intervention` (`IDIntervention`) ON DELETE CASCADE ON UPDATE CASCADE,
  ADD CONSTRAINT `reclamation_hardware_ibfk_3` FOREIGN KEY (`IDHardware`) REFERENCES `hardware` (`IDHardware`) ON DELETE CASCADE ON UPDATE CASCADE,
  ADD CONSTRAINT `reclamation_hardware_ibfk_4` FOREIGN KEY (`IDUtilisateur`) REFERENCES `utilisateur` (`IDUtilisateur`) ON DELETE CASCADE ON UPDATE CASCADE;

--
-- Contraintes pour la table `relation_hardware`
--
ALTER TABLE `relation_hardware`
  ADD CONSTRAINT `relation_hardware_ibfk_1` FOREIGN KEY (`IDHardware1`) REFERENCES `hardware` (`IDHardware`) ON DELETE CASCADE ON UPDATE CASCADE,
  ADD CONSTRAINT `relation_hardware_ibfk_2` FOREIGN KEY (`IDHardware2`) REFERENCES `hardware` (`IDHardware`) ON DELETE CASCADE ON UPDATE CASCADE;

--
-- Contraintes pour la table `salle`
--
ALTER TABLE `salle`
  ADD CONSTRAINT `salle_ibfk_1` FOREIGN KEY (`IDBloc`) REFERENCES `bloc` (`IDBloc`) ON DELETE CASCADE ON UPDATE CASCADE;

--
-- Contraintes pour la table `utilisateur`
--
ALTER TABLE `utilisateur`
  ADD CONSTRAINT `utilisateur_ibfk_1` FOREIGN KEY (`Role`) REFERENCES `role` (`IDRole`) ON DELETE SET NULL ON UPDATE SET NULL;
COMMIT;

/*!40101 SET CHARACTER_SET_CLIENT=@OLD_CHARACTER_SET_CLIENT */;
/*!40101 SET CHARACTER_SET_RESULTS=@OLD_CHARACTER_SET_RESULTS */;
/*!40101 SET COLLATION_CONNECTION=@OLD_COLLATION_CONNECTION */;
