-- phpMyAdmin SQL Dump
-- version 5.2.1
-- https://www.phpmyadmin.net/
--
-- Hôte : 127.0.0.1:3306
-- Généré le : jeu. 27 mars 2025 à 16:59
-- Version du serveur : 8.3.0
-- Version de PHP : 8.2.18

SET SQL_MODE = "NO_AUTO_VALUE_ON_ZERO";
START TRANSACTION;
SET time_zone = "+00:00";


/*!40101 SET @OLD_CHARACTER_SET_CLIENT=@@CHARACTER_SET_CLIENT */;
/*!40101 SET @OLD_CHARACTER_SET_RESULTS=@@CHARACTER_SET_RESULTS */;
/*!40101 SET @OLD_COLLATION_CONNECTION=@@COLLATION_CONNECTION */;
/*!40101 SET NAMES utf8mb4 */;

--
-- Base de données : `iset_mag_db`
--

-- --------------------------------------------------------

--
-- Structure de la table `admin`
--

DROP TABLE IF EXISTS `admin`;
CREATE TABLE IF NOT EXISTS `admin` (
  `IDAdmin` int NOT NULL AUTO_INCREMENT,
  `Nom` varchar(255) NOT NULL,
  `Prenom` varchar(255) NOT NULL,
  `Mail` varchar(255) CHARACTER SET utf8mb4 COLLATE utf8mb4_0900_ai_ci DEFAULT NULL,
  `MDP` varchar(255) NOT NULL,
  `role` int NOT NULL DEFAULT '2',
  `Desactive` int NOT NULL DEFAULT '-1',
  `MarkedAsDeleted` int NOT NULL DEFAULT '-1',
  PRIMARY KEY (`IDAdmin`)
) ENGINE=InnoDB AUTO_INCREMENT=14 DEFAULT CHARSET=utf8mb4 COLLATE=utf8mb4_0900_ai_ci;

--
-- Déchargement des données de la table `admin`
--

INSERT INTO `admin` (`IDAdmin`, `Nom`, `Prenom`, `Mail`, `MDP`, `role`, `Desactive`, `MarkedAsDeleted`) VALUES
(1, 'Ben Ali', 'Selim', 'selimbenali2003@gmail.com', '123', 1, -1, -1),
(2, 'try', 'try', 'try', '000', 2, 1, -1),
(3, 'try2', 'try2', 'try2', '111', 2, 1, -1),
(10, 'aa', 'aa', '', 'MX8r010ghw9hWC00', 2, -1, 1),
(11, 'user', 'user', 'testessai444@gmail.com', '1tg8t11j2306b9eU', 2, -1, -1),
(12, 'Chef ', 'Département', 'chef@gmail.com', 'chef', 1, -1, -1),
(13, 'boss', 'boss', NULL, '2bhAS13nfdf45vAV', 2, -1, 1);

-- --------------------------------------------------------

--
-- Structure de la table `bloc`
--

DROP TABLE IF EXISTS `bloc`;
CREATE TABLE IF NOT EXISTS `bloc` (
  `IDBloc` int NOT NULL AUTO_INCREMENT,
  `Nom` varchar(255) NOT NULL,
  PRIMARY KEY (`IDBloc`)
) ENGINE=InnoDB AUTO_INCREMENT=8 DEFAULT CHARSET=utf8mb4 COLLATE=utf8mb4_0900_ai_ci;

--
-- Déchargement des données de la table `bloc`
--

INSERT INTO `bloc` (`IDBloc`, `Nom`) VALUES
(1, 'B'),
(2, 'A'),
(5, 'G'),
(6, 'D'),
(7, 'C');

-- --------------------------------------------------------

--
-- Structure de la table `etat`
--

DROP TABLE IF EXISTS `etat`;
CREATE TABLE IF NOT EXISTS `etat` (
  `IDEtat` int NOT NULL AUTO_INCREMENT,
  `Nom` varchar(255) NOT NULL,
  `Description` text NOT NULL,
  PRIMARY KEY (`IDEtat`)
) ENGINE=InnoDB AUTO_INCREMENT=3 DEFAULT CHARSET=utf8mb4 COLLATE=utf8mb4_0900_ai_ci;

--
-- Déchargement des données de la table `etat`
--

INSERT INTO `etat` (`IDEtat`, `Nom`, `Description`) VALUES
(1, 'Bonne Etat', ''),
(2, 'Panne', '');

-- --------------------------------------------------------

--
-- Structure de la table `fournisseur`
--

DROP TABLE IF EXISTS `fournisseur`;
CREATE TABLE IF NOT EXISTS `fournisseur` (
  `IDFournisseur` int NOT NULL AUTO_INCREMENT,
  `Nom` varchar(255) NOT NULL,
  `Tel` varchar(255) CHARACTER SET utf8mb4 COLLATE utf8mb4_0900_ai_ci DEFAULT NULL,
  PRIMARY KEY (`IDFournisseur`)
) ENGINE=InnoDB AUTO_INCREMENT=168 DEFAULT CHARSET=utf8mb4 COLLATE=utf8mb4_0900_ai_ci;

--
-- Déchargement des données de la table `fournisseur`
--

INSERT INTO `fournisseur` (`IDFournisseur`, `Nom`, `Tel`) VALUES
(156, 'CBE', NULL),
(157, 'IGL INDUSTRIE', NULL),
(158, 'ISET BIZERTE', NULL),
(159, 'ISET CHARGUIA', NULL),
(160, 'BTS', NULL),
(161, 'BITS', NULL),
(162, 'ATC', NULL),
(163, 'MICROLUX', NULL),
(164, 'ORANGE', NULL),
(165, 'D.M.I', NULL),
(166, 'TBI', NULL),
(167, 'XTREME', NULL);

-- --------------------------------------------------------

--
-- Structure de la table `hardware`
--

DROP TABLE IF EXISTS `hardware`;
CREATE TABLE IF NOT EXISTS `hardware` (
  `IDHardware` int NOT NULL AUTO_INCREMENT,
  `IDModel` int NOT NULL,
  `IDFournisseur` int DEFAULT NULL,
  `IDMagasin` int DEFAULT NULL,
  `IDSalle` int DEFAULT NULL,
  `NumeroInventaire` varchar(255) NOT NULL,
  `DateAchat` datetime DEFAULT NULL,
  `DateAjout` datetime NOT NULL DEFAULT CURRENT_TIMESTAMP,
  `DateMiseEnService` datetime DEFAULT NULL,
  `Code` text CHARACTER SET utf8mb4 COLLATE utf8mb4_0900_ai_ci,
  `IDEtat` int NOT NULL DEFAULT '1',
  `HistoriqueRelation` json DEFAULT NULL,
  `MarkedAsDeleted` int NOT NULL DEFAULT '-1',
  PRIMARY KEY (`IDHardware`),
  KEY `IDModel` (`IDModel`),
  KEY `IDMagasin` (`IDMagasin`),
  KEY `IDFournisseur` (`IDFournisseur`),
  KEY `IDSalle` (`IDSalle`)
) ENGINE=InnoDB AUTO_INCREMENT=1078 DEFAULT CHARSET=utf8mb4 COLLATE=utf8mb4_0900_ai_ci;

--
-- Déchargement des données de la table `hardware`
--

INSERT INTO `hardware` (`IDHardware`, `IDModel`, `IDFournisseur`, `IDMagasin`, `IDSalle`, `NumeroInventaire`, `DateAchat`, `DateAjout`, `DateMiseEnService`, `Code`, `IDEtat`, `HistoriqueRelation`, `MarkedAsDeleted`) VALUES
(717, 142, 156, NULL, 47, '22293001', '2017-12-29 00:00:00', '2025-03-27 14:27:41', NULL, '7000022293001', 1, NULL, -1),
(718, 142, 156, NULL, 47, '22295001', '2017-12-29 00:00:00', '2025-03-27 14:27:41', NULL, '7000022295001', 1, NULL, -1),
(719, 142, 156, NULL, 47, '22274001', '2017-12-29 00:00:00', '2025-03-27 14:27:41', NULL, '7000022274001', 1, NULL, -1),
(720, 142, 156, NULL, 47, '22276001', '2017-12-29 00:00:00', '2025-03-27 14:27:41', NULL, '7000022276001', 1, NULL, -1),
(721, 142, 156, NULL, 47, '22277001', '2017-12-29 00:00:00', '2025-03-27 14:27:41', NULL, '7000022277001', 1, NULL, -1),
(722, 142, 156, NULL, 48, '22279001', '2017-12-29 00:00:00', '2025-03-27 14:27:41', NULL, '7000022279001', 1, NULL, -1),
(723, 142, 156, NULL, 48, '22288001', '2017-12-29 00:00:00', '2025-03-27 14:27:41', NULL, '7000022288001', 1, NULL, -1),
(724, 142, 156, NULL, 48, '22275001', '2017-12-29 00:00:00', '2025-03-27 14:27:41', NULL, '7000022275001', 1, NULL, -1),
(725, 142, 156, NULL, 48, '22289001', '2017-12-29 00:00:00', '2025-03-27 14:27:41', NULL, '7000022289001', 1, NULL, -1),
(726, 142, 156, NULL, 48, '22290001', '2017-12-29 00:00:00', '2025-03-27 14:27:41', NULL, '7000022290001', 1, NULL, -1),
(727, 142, 157, NULL, 48, '20823001', '2011-03-26 00:00:00', '2025-03-27 14:27:41', NULL, '7000020823001', 1, NULL, -1),
(728, 143, 158, NULL, 49, '22011001', '2016-12-02 00:00:00', '2025-03-27 14:27:41', NULL, '7000022011001', 1, NULL, -1),
(729, 143, 159, NULL, 49, '22064001', '2016-12-02 00:00:00', '2025-03-27 14:27:41', NULL, '7000022064001', 1, NULL, -1),
(730, 143, 159, NULL, 49, '22066001', '2016-12-02 00:00:00', '2025-03-27 14:27:41', NULL, '7000022066001', 1, NULL, -1),
(731, 143, 159, NULL, 49, '22063001', '2016-12-02 00:00:00', '2025-03-27 14:27:41', NULL, '7000022063001', 1, NULL, -1),
(732, 143, 159, NULL, 49, '22067001', '2016-12-02 00:00:00', '2025-03-27 14:27:41', NULL, '7000022067001', 1, NULL, -1),
(733, 143, 159, NULL, 49, '22068001', '2016-12-02 00:00:00', '2025-03-27 14:27:41', NULL, '7000022068001', 1, NULL, -1),
(734, 143, 159, NULL, 49, '22144001', '2016-08-02 00:00:00', '2025-03-27 14:27:42', NULL, '7000022144001', 1, NULL, -1),
(735, 142, 156, NULL, 50, '22280001', '2017-12-29 00:00:00', '2025-03-27 14:27:42', NULL, '7000022280001', 1, NULL, -1),
(736, 142, 156, NULL, 50, '22284001', '2017-12-29 00:00:00', '2025-03-27 14:27:42', NULL, '7000022284001', 1, NULL, -1),
(737, 142, 156, NULL, 50, '22285001', '2017-12-29 00:00:00', '2025-03-27 14:27:42', NULL, '7000022285001', 1, NULL, -1),
(738, 142, 156, NULL, 50, '22286001', '2017-12-29 00:00:00', '2025-03-27 14:27:42', NULL, '7000022286001', 1, NULL, -1),
(739, 142, 156, NULL, 50, '22283001', '2017-12-29 00:00:00', '2025-03-27 14:27:42', NULL, '7000022283001', 1, NULL, -1),
(740, 142, 156, NULL, 50, '22282001', '2017-12-29 00:00:00', '2025-03-27 14:27:42', NULL, '7000022282001', 1, NULL, -1),
(741, 142, 156, NULL, 50, '22281001', '2017-12-29 00:00:00', '2025-03-27 14:27:42', NULL, '7000022281001', 1, NULL, -1),
(742, 143, 159, NULL, 51, '62716701', '2016-09-29 00:00:00', '2025-03-27 14:27:42', NULL, '7000062716701', 1, NULL, -1),
(743, 143, 159, NULL, 51, '62716901', '2016-09-29 00:00:00', '2025-03-27 14:27:42', NULL, '7000062716901', 1, NULL, -1),
(744, 143, 157, NULL, 51, '20812001', '2016-09-29 00:00:00', '2025-03-27 14:27:42', NULL, '7000020812001', 1, NULL, -1),
(745, 143, 159, NULL, 51, '62717301', '2016-09-29 00:00:00', '2025-03-27 14:27:42', NULL, '7000062717301', 1, NULL, -1),
(746, 143, 159, NULL, 51, '62717001', '2016-09-29 00:00:00', '2025-03-27 14:27:42', NULL, '7000062717001', 1, NULL, -1),
(747, 143, 159, NULL, 51, '62717201', '2016-09-29 00:00:00', '2025-03-27 14:27:42', NULL, '7000062717201', 1, NULL, -1),
(748, 143, 159, NULL, 51, '62716801', '2016-09-29 00:00:00', '2025-03-27 14:27:42', NULL, '7000062716801', 1, NULL, -1),
(749, 144, 160, NULL, 52, '21373001', '2013-07-17 00:00:00', '2025-03-27 14:27:42', NULL, '7000021373001', 1, NULL, -1),
(750, 144, 161, NULL, 52, '21371001', '2013-07-17 00:00:00', '2025-03-27 14:27:42', NULL, '7000021371001', 1, NULL, -1),
(751, 144, 161, NULL, 52, '21372001', '2013-07-17 00:00:00', '2025-03-27 14:27:42', NULL, '7000021372001', 1, NULL, -1),
(752, 144, 161, NULL, 52, '21366001', '2013-07-17 00:00:00', '2025-03-27 14:27:42', NULL, '7000021366001', 1, NULL, -1),
(753, 144, 161, NULL, 52, '21413001', '2013-07-17 00:00:00', '2025-03-27 14:27:42', NULL, '7000021413001', 1, NULL, -1),
(754, 144, 161, NULL, 52, '21379001', '2013-07-17 00:00:00', '2025-03-27 14:27:42', NULL, '7000021379001', 1, NULL, -1),
(755, 144, 161, NULL, 52, '21369001', '2013-07-17 00:00:00', '2025-03-27 14:27:42', NULL, '7000021369001', 1, NULL, -1),
(756, 144, 161, NULL, 52, '21370001', '2013-07-17 00:00:00', '2025-03-27 14:27:42', NULL, '7000021370001', 1, NULL, -1),
(757, 145, 162, NULL, 53, '23161001', '2023-12-14 00:00:00', '2025-03-27 14:27:42', NULL, '7000023161001', 1, NULL, -1),
(758, 145, 162, NULL, 53, '23166001', '2023-12-14 00:00:00', '2025-03-27 14:27:42', NULL, '7000023166001', 1, NULL, -1),
(759, 145, 162, NULL, 53, '23162001', '2023-12-14 00:00:00', '2025-03-27 14:27:42', NULL, '7000023162001', 1, NULL, -1),
(760, 145, 162, NULL, 53, '23164001', '2023-12-14 00:00:00', '2025-03-27 14:27:42', NULL, '7000023164001', 1, NULL, -1),
(761, 145, 162, NULL, 53, '23167001', '2023-12-14 00:00:00', '2025-03-27 14:27:43', NULL, '7000023167001', 1, NULL, -1),
(762, 145, 162, NULL, 53, '23163001', '2023-12-14 00:00:00', '2025-03-27 14:27:43', NULL, '7000023163001', 1, NULL, -1),
(763, 145, 162, NULL, 53, '23165001', '2023-12-14 00:00:00', '2025-03-27 14:27:43', NULL, '7000023165001', 1, NULL, -1),
(764, 145, 162, NULL, 54, '23172001', '2023-12-14 00:00:00', '2025-03-27 14:27:43', NULL, '7000023172001', 1, NULL, -1),
(765, 145, 162, NULL, 54, '23173001', '2023-12-14 00:00:00', '2025-03-27 14:27:43', NULL, '7000023173001', 1, NULL, -1),
(766, 145, 162, NULL, 54, '23169002', '2023-12-14 00:00:00', '2025-03-27 14:27:43', NULL, '7000023169002', 1, NULL, -1),
(767, 145, 162, NULL, 54, '23168002', '2023-12-14 00:00:00', '2025-03-27 14:27:43', NULL, '7000023168002', 1, NULL, -1),
(768, 145, 162, NULL, 54, '23170002', '2023-12-14 00:00:00', '2025-03-27 14:27:43', NULL, '7000023170002', 1, NULL, -1),
(769, 145, 162, NULL, 54, '23171002', '2023-12-14 00:00:00', '2025-03-27 14:27:43', NULL, '7000023171002', 1, NULL, -1),
(770, 145, 162, NULL, 54, '23174002', '2023-12-14 00:00:00', '2025-03-27 14:27:43', NULL, '7000023174002', 1, NULL, -1),
(771, 144, 161, NULL, 55, '21443001', '2013-07-17 00:00:00', '2025-03-27 14:27:43', NULL, '7000021443001', 1, NULL, -1),
(772, 145, 161, NULL, 55, '21450001', '2012-03-26 00:00:00', '2025-03-27 14:27:43', NULL, '7000021450001', 1, NULL, -1),
(773, 144, 161, NULL, 55, '21444001', '2013-07-17 00:00:00', '2025-03-27 14:27:43', NULL, '7000021444001', 1, NULL, -1),
(774, 144, 161, NULL, 55, '21447001', '2013-07-17 00:00:00', '2025-03-27 14:27:43', NULL, '7000021447001', 1, NULL, -1),
(775, 144, 161, NULL, 55, '21480001', '2013-07-17 00:00:00', '2025-03-27 14:27:43', NULL, '7000021480001', 1, NULL, -1),
(776, 144, 161, NULL, 55, '21445001', '2013-07-17 00:00:00', '2025-03-27 14:27:43', NULL, '7000021445001', 1, NULL, -1),
(777, 144, 161, NULL, 55, '21446001', '2013-07-17 00:00:00', '2025-03-27 14:27:43', NULL, '7000021446001', 1, NULL, -1),
(778, 144, 161, NULL, 56, '21452001', '2013-07-17 00:00:00', '2025-03-27 14:27:43', NULL, '7000021452001', 1, NULL, -1),
(779, 144, 161, NULL, 56, '21454001', '2013-07-17 00:00:00', '2025-03-27 14:27:43', NULL, '7000021454001', 1, NULL, -1),
(780, 144, 161, NULL, 57, '21435001', '2013-07-17 00:00:00', '2025-03-27 14:27:43', NULL, '7000021435001', 1, NULL, -1),
(781, 144, 161, NULL, 56, '21455001', '2013-07-17 00:00:00', '2025-03-27 14:27:43', NULL, '7000021455001', 1, NULL, -1),
(782, 144, 161, NULL, 56, '21449001', '2013-07-17 00:00:00', '2025-03-27 14:27:43', NULL, '7000021449001', 1, NULL, -1),
(783, 144, 161, NULL, 56, '21453001', '2013-07-17 00:00:00', '2025-03-27 14:27:43', NULL, '7000021453001', 1, NULL, -1),
(784, 144, 161, NULL, 56, '21451001', '2013-07-17 00:00:00', '2025-03-27 14:27:43', NULL, '7000021451001', 1, NULL, -1),
(785, 144, 161, NULL, 57, '21440001', '2013-07-17 00:00:00', '2025-03-27 14:27:43', NULL, '7000021440001', 1, NULL, -1),
(786, 144, 161, NULL, 57, '21436001', '2013-07-17 00:00:00', '2025-03-27 14:27:43', NULL, '7000021436001', 1, NULL, -1),
(787, 144, 161, NULL, 57, '21438001', '2013-07-17 00:00:00', '2025-03-27 14:27:44', NULL, '7000021438001', 1, NULL, -1),
(788, 144, 161, NULL, 57, '21439001', '2013-07-17 00:00:00', '2025-03-27 14:27:44', NULL, '7000021439001', 1, NULL, -1),
(789, 144, 161, NULL, 57, '21441001', '2013-07-17 00:00:00', '2025-03-27 14:27:44', NULL, '7000021441001', 1, NULL, -1),
(790, 144, 161, NULL, 57, '21437001', '2013-07-17 00:00:00', '2025-03-27 14:27:44', NULL, '7000021437001', 1, NULL, -1),
(791, 145, 162, NULL, 58, '23129001', '2023-12-14 00:00:00', '2025-03-27 14:27:44', NULL, '7000023129001', 1, NULL, -1),
(792, 145, 162, NULL, 58, '23130001', '2023-12-14 00:00:00', '2025-03-27 14:27:44', NULL, '7000023130001', 1, NULL, -1),
(793, 145, 162, NULL, 58, '23131001', '2023-12-14 00:00:00', '2025-03-27 14:27:44', NULL, '7000023131001', 1, NULL, -1),
(794, 145, 162, NULL, 58, '23133001', '2023-12-14 00:00:00', '2025-03-27 14:27:44', NULL, '7000023133001', 1, NULL, -1),
(795, 145, 162, NULL, 58, '23134001', '2023-12-14 00:00:00', '2025-03-27 14:27:44', NULL, '7000023134001', 1, NULL, -1),
(796, 145, 162, NULL, 58, '23135001', '2023-12-14 00:00:00', '2025-03-27 14:27:44', NULL, '7000023135001', 1, NULL, -1),
(797, 145, 162, NULL, 58, '23136001', '2023-12-14 00:00:00', '2025-03-27 14:27:44', NULL, '7000023136001', 1, NULL, -1),
(798, 145, 162, NULL, 59, '23137001', '2023-12-14 00:00:00', '2025-03-27 14:27:44', NULL, '7000023137001', 1, NULL, -1),
(799, 145, 162, NULL, 59, '23138001', '2023-12-14 00:00:00', '2025-03-27 14:27:44', NULL, '7000023138001', 1, NULL, -1),
(800, 145, 162, NULL, 59, '23139001', '2023-12-14 00:00:00', '2025-03-27 14:27:44', NULL, '7000023139001', 1, NULL, -1),
(801, 145, 162, NULL, 59, '23140001', '2023-12-14 00:00:00', '2025-03-27 14:27:44', NULL, '7000023140001', 1, NULL, -1),
(802, 145, 162, NULL, 59, '23141001', '2023-12-14 00:00:00', '2025-03-27 14:27:44', NULL, '7000023141001', 1, NULL, -1),
(803, 145, 162, NULL, 59, '23142001', '2023-12-14 00:00:00', '2025-03-27 14:27:44', NULL, '7000023142001', 1, NULL, -1),
(804, 145, 162, NULL, 59, '23143001', '2023-12-14 00:00:00', '2025-03-27 14:27:44', NULL, '7000023143001', 1, NULL, -1),
(805, 145, 162, NULL, 60, '23144001', '2023-12-14 00:00:00', '2025-03-27 14:27:44', NULL, '7000023144001', 1, NULL, -1),
(806, 145, 162, NULL, 60, '23145001', '2023-12-14 00:00:00', '2025-03-27 14:27:44', NULL, '7000023145001', 1, NULL, -1),
(807, 145, 162, NULL, 60, '23146001', '2023-12-14 00:00:00', '2025-03-27 14:27:44', NULL, '7000023146001', 1, NULL, -1),
(808, 145, 162, NULL, 60, '23147001', '2023-12-14 00:00:00', '2025-03-27 14:27:44', NULL, '7000023147001', 1, NULL, -1),
(809, 145, 162, NULL, 60, '23150001', '2023-12-14 00:00:00', '2025-03-27 14:27:44', NULL, '7000023150001', 1, NULL, -1),
(810, 145, 162, NULL, 60, '23149001', '2023-12-14 00:00:00', '2025-03-27 14:27:44', NULL, '7000023149001', 1, NULL, -1),
(811, 145, 162, NULL, 60, '23156001', '2023-12-14 00:00:00', '2025-03-27 14:27:44', NULL, '7000023156001', 1, NULL, -1),
(812, 145, 162, NULL, 61, '23151001', '2023-12-14 00:00:00', '2025-03-27 14:27:44', NULL, '7000023151001', 1, NULL, -1),
(813, 145, 162, NULL, 60, '23152001', '2023-12-14 00:00:00', '2025-03-27 14:27:44', NULL, '7000023152001', 1, NULL, -1),
(814, 145, 162, NULL, 60, '23153001', '2023-12-14 00:00:00', '2025-03-27 14:27:44', NULL, '7000023153001', 1, NULL, -1),
(815, 145, 162, NULL, 60, '23154001', '2023-12-14 00:00:00', '2025-03-27 14:27:44', NULL, '7000023154001', 1, NULL, -1),
(816, 145, 162, NULL, 60, '23155001', '2023-12-14 00:00:00', '2025-03-27 14:27:45', NULL, '7000023155001', 1, NULL, -1),
(817, 145, 162, NULL, 61, '23157001', '2023-12-14 00:00:00', '2025-03-27 14:27:45', NULL, '7000023157001', 1, NULL, -1),
(818, 146, 163, NULL, 61, '20852001', '2011-09-13 00:00:00', '2025-03-27 14:27:45', NULL, '7000020852001', 1, NULL, -1),
(819, 145, 162, NULL, 61, '23158001', '2023-12-14 00:00:00', '2025-03-27 14:27:45', NULL, '7000023158001', 1, NULL, -1),
(820, 147, 164, NULL, 66, '21720301', '2017-04-20 00:00:00', '2025-03-27 14:27:45', NULL, '7000021720301', 1, NULL, -1),
(821, 147, 164, NULL, 66, '21720601', '2017-04-20 00:00:00', '2025-03-27 14:27:45', NULL, '7000021720601', 1, NULL, -1),
(822, 147, 164, NULL, 66, '21720801', '2017-04-20 00:00:00', '2025-03-27 14:27:45', NULL, '7000021720801', 1, NULL, -1),
(823, 147, 164, NULL, 66, '21720401', '2017-04-20 00:00:00', '2025-03-27 14:27:45', NULL, '7000021720401', 1, NULL, -1),
(824, 147, 164, NULL, 66, '21720501', '2017-04-20 00:00:00', '2025-03-27 14:27:45', NULL, '7000021720501', 1, NULL, -1),
(825, 147, 164, NULL, 66, '21720901', '2017-04-20 00:00:00', '2025-03-27 14:27:45', NULL, '7000021720901', 1, NULL, -1),
(826, 147, 164, NULL, 66, '21721101', '2017-04-20 00:00:00', '2025-03-27 14:27:45', NULL, '7000021721101', 1, NULL, -1),
(827, 147, 164, NULL, 66, '21721001', '2017-04-20 00:00:00', '2025-03-27 14:27:45', NULL, '7000021721001', 1, NULL, -1),
(828, 148, 164, NULL, 66, '92860001', '2017-04-20 00:00:00', '2025-03-27 14:27:45', NULL, '7000092860001', 1, NULL, -1),
(829, 147, 164, NULL, 66, '21720701', '2017-04-20 00:00:00', '2025-03-27 14:27:45', NULL, '7000021720701', 1, NULL, -1),
(830, 137, 156, NULL, 47, '22293002', '2017-12-29 00:00:00', '2025-03-27 14:28:08', NULL, '7000022293002', 1, NULL, -1),
(831, 137, 156, NULL, 47, '22295002', '2017-12-29 00:00:00', '2025-03-27 14:28:08', NULL, '7000022295002', 1, NULL, -1),
(832, 137, 156, NULL, 47, '22274002', '2017-12-29 00:00:00', '2025-03-27 14:28:08', NULL, '7000022274002', 1, NULL, -1),
(833, 137, 156, NULL, 47, '22276002', '2017-12-29 00:00:00', '2025-03-27 14:28:08', NULL, '7000022276002', 1, NULL, -1),
(834, 137, 156, NULL, 47, '22277002', '2017-12-29 00:00:00', '2025-03-27 14:28:08', NULL, '7000022277002', 1, NULL, -1),
(835, 137, 156, NULL, 48, '22279001', '2017-12-29 00:00:00', '2025-03-27 14:28:08', NULL, '7000022279001', 1, NULL, -1),
(836, 137, 156, NULL, 50, '22284001', '2017-12-29 00:00:00', '2025-03-27 14:28:09', NULL, '7000022284001', 1, NULL, -1),
(837, 137, 156, NULL, 48, '22275001', '2017-12-29 00:00:00', '2025-03-27 14:28:09', NULL, '7000022275001', 1, NULL, -1),
(838, 137, 156, NULL, 48, '22289001', '2017-12-29 00:00:00', '2025-03-27 14:28:09', NULL, '7000022289001', 1, NULL, -1),
(839, 137, 156, NULL, 48, '22291001', '2017-12-29 00:00:00', '2025-03-27 14:28:09', NULL, '7000022291001', 1, NULL, -1),
(840, 137, 156, NULL, 48, '22290001', '2017-12-29 00:00:00', '2025-03-27 14:28:09', NULL, '7000022290001', 1, NULL, -1),
(841, 138, 159, NULL, 49, '22063002', '2016-12-02 00:00:00', '2025-03-27 14:28:09', NULL, '7000022063002', 1, NULL, -1),
(842, 138, 159, NULL, 49, '22064002', '2016-12-02 00:00:00', '2025-03-27 14:28:09', NULL, '7000022064002', 1, NULL, -1),
(843, 138, 159, NULL, 49, '22066002', '2016-12-02 00:00:00', '2025-03-27 14:28:09', NULL, '7000022066002', 1, NULL, -1),
(844, 138, 159, NULL, 49, '21970002', '2016-12-02 00:00:00', '2025-03-27 14:28:09', NULL, '7000021970002', 1, NULL, -1),
(845, 138, 159, NULL, 49, '22068002', '2016-12-02 00:00:00', '2025-03-27 14:28:09', NULL, '7000022068002', 1, NULL, -1),
(846, 138, 158, NULL, 49, '22011002', '2016-09-29 00:00:00', '2025-03-27 14:28:09', NULL, '7000022011002', 1, NULL, -1),
(847, 138, 158, NULL, 49, '22067002', '2016-09-29 00:00:00', '2025-03-27 14:28:09', NULL, '7000022067002', 1, NULL, -1),
(848, 137, 156, NULL, 50, '22280002', '2017-12-29 00:00:00', '2025-03-27 14:28:09', NULL, '7000022280002', 1, NULL, -1),
(849, 137, 156, NULL, 50, '22284002', '2017-12-29 00:00:00', '2025-03-27 14:28:09', NULL, '7000022284002', 1, NULL, -1),
(850, 137, 156, NULL, 50, '22285002', '2017-12-29 00:00:00', '2025-03-27 14:28:09', NULL, '7000022285002', 1, NULL, -1),
(851, 137, 156, NULL, 50, '22286002', '2017-12-29 00:00:00', '2025-03-27 14:28:09', NULL, '7000022286002', 1, NULL, -1),
(852, 137, 156, NULL, 50, '22283002', '2017-12-29 00:00:00', '2025-03-27 14:28:09', NULL, '7000022283002', 1, NULL, -1),
(853, 137, 156, NULL, 50, '22282002', '2017-12-29 00:00:00', '2025-03-27 14:28:09', NULL, '7000022282002', 1, NULL, -1),
(854, 137, 156, NULL, 50, '22281002', '2017-12-29 00:00:00', '2025-03-27 14:28:09', NULL, '7000022281002', 1, NULL, -1),
(855, 138, 159, NULL, 51, '62616602', '2016-09-29 00:00:00', '2025-03-27 14:28:09', NULL, '7000062616602', 1, NULL, -1),
(856, 138, 159, NULL, 51, '62616902', '2016-09-29 00:00:00', '2025-03-27 14:28:09', NULL, '7000062616902', 1, NULL, -1),
(857, 138, 159, NULL, 51, '62616802', '2016-09-29 00:00:00', '2025-03-27 14:28:09', NULL, '7000062616802', 1, NULL, -1),
(858, 138, 159, NULL, 51, '62616702', '2016-09-29 00:00:00', '2025-03-27 14:28:09', NULL, '7000062616702', 1, NULL, -1),
(859, 138, 158, NULL, 51, '22004002', '2016-09-29 00:00:00', '2025-03-27 14:28:09', NULL, '7000022004002', 1, NULL, -1),
(860, 138, 158, NULL, 51, '22006002', '2016-09-29 00:00:00', '2025-03-27 14:28:09', NULL, '7000022006002', 1, NULL, -1),
(861, 138, 158, NULL, 51, '62717202', '2016-09-29 00:00:00', '2025-03-27 14:28:09', NULL, '7000062717202', 1, NULL, -1),
(862, 138, 158, NULL, 51, '22080002', '2016-09-29 00:00:00', '2025-03-27 14:28:09', NULL, '7000022080002', 1, NULL, -1),
(863, 138, 158, NULL, 51, '62617302', '2016-09-29 00:00:00', '2025-03-27 14:28:09', NULL, '7000062617302', 1, NULL, -1),
(864, 139, 161, NULL, 52, '21373002', '2013-07-17 00:00:00', '2025-03-27 14:28:09', NULL, '7000021373002', 1, NULL, -1),
(865, 139, 161, NULL, 52, '21456002', '2013-07-17 00:00:00', '2025-03-27 14:28:09', NULL, '7000021456002', 1, NULL, -1),
(866, 139, 161, NULL, 52, '21462002', '2013-07-17 00:00:00', '2025-03-27 14:28:10', NULL, '7000021462002', 1, NULL, -1),
(867, 139, 161, NULL, 52, '21437002', '2013-07-17 00:00:00', '2025-03-27 14:28:10', NULL, '7000021437002', 1, NULL, -1),
(868, 139, 161, NULL, 52, '21503002', '2013-07-17 00:00:00', '2025-03-27 14:28:10', NULL, '7000021503002', 1, NULL, -1),
(869, 139, 161, NULL, 52, '21504002', '2013-07-17 00:00:00', '2025-03-27 14:28:10', NULL, '7000021504002', 1, NULL, -1),
(870, 139, 161, NULL, 52, '21460002', '2013-07-17 00:00:00', '2025-03-27 14:28:10', NULL, '7000021460002', 1, NULL, -1),
(871, 139, 161, NULL, 52, '21457002', '2013-07-17 00:00:00', '2025-03-27 14:28:10', NULL, '7000021457002', 1, NULL, -1),
(872, 139, 161, NULL, 52, '21463002', '2013-07-17 00:00:00', '2025-03-27 14:28:10', NULL, '7000021463002', 1, NULL, -1),
(873, 140, 162, NULL, 53, '23338002', '2023-12-14 00:00:00', '2025-03-27 14:28:10', NULL, '7000023338002', 1, NULL, -1),
(874, 140, 162, NULL, 53, '23343002', '2023-12-14 00:00:00', '2025-03-27 14:28:10', NULL, '7000023343002', 1, NULL, -1),
(875, 140, 162, NULL, 53, '23339002', '2023-12-14 00:00:00', '2025-03-27 14:28:10', NULL, '7000023339002', 1, NULL, -1),
(876, 140, 162, NULL, 53, '23341002', '2023-12-14 00:00:00', '2025-03-27 14:28:10', NULL, '7000023341002', 1, NULL, -1),
(877, 140, 162, NULL, 53, '23344002', '2023-12-14 00:00:00', '2025-03-27 14:28:10', NULL, '7000023344002', 1, NULL, -1),
(878, 140, 162, NULL, 53, '23340002', '2023-12-14 00:00:00', '2025-03-27 14:28:10', NULL, '7000023340002', 1, NULL, -1),
(879, 140, 162, NULL, 53, '23420002', '2023-12-14 00:00:00', '2025-03-27 14:28:10', NULL, '7000023420002', 1, NULL, -1),
(880, 140, 162, NULL, 54, '23349002', '2023-12-14 00:00:00', '2025-03-27 14:28:10', NULL, '7000023349002', 1, NULL, -1),
(881, 140, 162, NULL, 54, '23350002', '2023-12-14 00:00:00', '2025-03-27 14:28:10', NULL, '7000023350002', 1, NULL, -1),
(882, 140, 162, NULL, 54, '23346002', '2023-12-14 00:00:00', '2025-03-27 14:28:10', NULL, '7000023346002', 1, NULL, -1),
(883, 140, 162, NULL, 54, '23345002', '2023-12-14 00:00:00', '2025-03-27 14:28:10', NULL, '7000023345002', 1, NULL, -1),
(884, 140, 162, NULL, 54, '23347002', '2023-12-14 00:00:00', '2025-03-27 14:28:10', NULL, '7000023347002', 1, NULL, -1),
(885, 140, 162, NULL, 54, '23348002', '2023-12-14 00:00:00', '2025-03-27 14:28:10', NULL, '7000023348002', 1, NULL, -1),
(886, 140, 162, NULL, 54, '23351002', '2023-12-14 00:00:00', '2025-03-27 14:28:10', NULL, '7000023351002', 1, NULL, -1),
(887, 139, 161, NULL, 55, '21362002', '2013-07-17 00:00:00', '2025-03-27 14:28:10', NULL, '7000021362002', 1, NULL, -1),
(888, 139, 161, NULL, 57, '21345002', '2012-03-26 00:00:00', '2025-03-27 14:28:10', NULL, '7000021345002', 1, NULL, -1),
(889, 139, 161, NULL, 55, '21354002', '2013-07-17 00:00:00', '2025-03-27 14:28:10', NULL, '7000021354002', 1, NULL, -1),
(890, 139, 161, NULL, 55, '21356002', '2013-07-17 00:00:00', '2025-03-27 14:28:10', NULL, '7000021356002', 1, NULL, -1),
(891, 139, 161, NULL, 55, '21355002', '2013-07-17 00:00:00', '2025-03-27 14:28:10', NULL, '7000021355002', 1, NULL, -1),
(892, 139, 161, NULL, 55, '21358002', '2013-07-17 00:00:00', '2025-03-27 14:28:10', NULL, '7000021358002', 1, NULL, -1),
(893, 139, 161, NULL, 55, '21357002', '2013-07-17 00:00:00', '2025-03-27 14:28:10', NULL, '7000021357002', 1, NULL, -1),
(894, 139, 161, NULL, 56, '21364002', '2013-07-17 00:00:00', '2025-03-27 14:28:10', NULL, '7000021364002', 1, NULL, -1),
(895, 139, 161, NULL, 56, '21352002', '2013-07-17 00:00:00', '2025-03-27 14:28:10', NULL, '7000021352002', 1, NULL, -1),
(896, 139, 161, NULL, 57, '21349002', '2013-07-17 00:00:00', '2025-03-27 14:28:11', NULL, '7000021349002', 1, NULL, -1),
(897, 139, 161, NULL, 56, '21365002', '2013-07-17 00:00:00', '2025-03-27 14:28:11', NULL, '7000021365002', 1, NULL, -1),
(898, 139, 161, NULL, 56, '21342002', '2013-07-17 00:00:00', '2025-03-27 14:28:11', NULL, '7000021342002', 1, NULL, -1),
(899, 139, 161, NULL, 56, '21361002', '2013-07-17 00:00:00', '2025-03-27 14:28:11', NULL, '7000021361002', 1, NULL, -1),
(900, 139, 161, NULL, 56, '21363002', '2013-07-17 00:00:00', '2025-03-27 14:28:11', NULL, '7000021363002', 1, NULL, -1),
(901, 139, 161, NULL, 57, '21346002', '2013-07-17 00:00:00', '2025-03-27 14:28:11', NULL, '7000021346002', 1, NULL, -1),
(902, 139, 161, NULL, 57, '21347002', '2013-07-17 00:00:00', '2025-03-27 14:28:11', NULL, '7000021347002', 1, NULL, -1),
(903, 139, 161, NULL, 57, '21348002', '2013-07-17 00:00:00', '2025-03-27 14:28:11', NULL, '7000021348002', 1, NULL, -1),
(904, 139, 161, NULL, 57, '21351002', '2013-07-17 00:00:00', '2025-03-27 14:28:11', NULL, '7000021351002', 1, NULL, -1),
(905, 139, 161, NULL, 57, '21350002', '2013-07-17 00:00:00', '2025-03-27 14:28:11', NULL, '7000021350002', 1, NULL, -1),
(906, 140, 162, NULL, 58, '23306002', '2023-12-14 00:00:00', '2025-03-27 14:28:11', NULL, '7000023306002', 1, NULL, -1),
(907, 140, 162, NULL, 58, '23307002', '2023-12-14 00:00:00', '2025-03-27 14:28:11', NULL, '7000023307002', 1, NULL, -1),
(908, 140, 162, NULL, 58, '23308002', '2023-12-14 00:00:00', '2025-03-27 14:28:11', NULL, '7000023308002', 1, NULL, -1),
(909, 140, 162, NULL, 58, '23310002', '2023-12-14 00:00:00', '2025-03-27 14:28:11', NULL, '7000023310002', 1, NULL, -1),
(910, 140, 162, NULL, 58, '23311002', '2023-12-14 00:00:00', '2025-03-27 14:28:11', NULL, '7000023311002', 1, NULL, -1),
(911, 140, 162, NULL, 58, '23312002', '2023-12-14 00:00:00', '2025-03-27 14:28:11', NULL, '7000023312002', 1, NULL, -1),
(912, 140, 162, NULL, 58, '23313002', '2023-12-14 00:00:00', '2025-03-27 14:28:11', NULL, '7000023313002', 1, NULL, -1),
(913, 140, 162, NULL, 59, '23314002', '2023-12-14 00:00:00', '2025-03-27 14:28:11', NULL, '7000023314002', 1, NULL, -1),
(914, 140, 162, NULL, 59, '23315002', '2023-12-14 00:00:00', '2025-03-27 14:28:11', NULL, '7000023315002', 1, NULL, -1),
(915, 140, 162, NULL, 59, '23316002', '2023-12-14 00:00:00', '2025-03-27 14:28:11', NULL, '7000023316002', 1, NULL, -1),
(916, 140, 162, NULL, 59, '23317002', '2023-12-14 00:00:00', '2025-03-27 14:28:11', NULL, '7000023317002', 1, NULL, -1),
(917, 140, 162, NULL, 59, '23318002', '2023-12-14 00:00:00', '2025-03-27 14:28:11', NULL, '7000023318002', 1, NULL, -1),
(918, 140, 162, NULL, 59, '23319002', '2023-12-14 00:00:00', '2025-03-27 14:28:11', NULL, '7000023319002', 1, NULL, -1),
(919, 140, 162, NULL, 59, '23320002', '2023-12-14 00:00:00', '2025-03-27 14:28:11', NULL, '7000023320002', 1, NULL, -1),
(920, 140, 162, NULL, 60, '23144002', '2023-12-14 00:00:00', '2025-03-27 14:28:11', NULL, '7000023144002', 1, NULL, -1),
(921, 140, 162, NULL, 60, '23145002', '2023-12-14 00:00:00', '2025-03-27 14:28:11', NULL, '7000023145002', 1, NULL, -1),
(922, 140, 162, NULL, 60, '23146002', '2023-12-14 00:00:00', '2025-03-27 14:28:11', NULL, '7000023146002', 1, NULL, -1),
(923, 140, 162, NULL, 60, '23147002', '2023-12-14 00:00:00', '2025-03-27 14:28:12', NULL, '7000023147002', 1, NULL, -1),
(924, 140, 162, NULL, 60, '23150002', '2023-12-14 00:00:00', '2025-03-27 14:28:12', NULL, '7000023150002', 1, NULL, -1),
(925, 140, 162, NULL, 60, '23149002', '2023-12-14 00:00:00', '2025-03-27 14:28:12', NULL, '7000023149002', 1, NULL, -1),
(926, 140, 162, NULL, 60, '23156002', '2023-12-14 00:00:00', '2025-03-27 14:28:12', NULL, '7000023156002', 1, NULL, -1),
(927, 140, 162, NULL, 61, '23330002', '2023-12-14 00:00:00', '2025-03-27 14:28:12', NULL, '7000023330002', 1, NULL, -1),
(928, 140, 162, NULL, 61, '23331002', '2023-12-14 00:00:00', '2025-03-27 14:28:12', NULL, '7000023331002', 1, NULL, -1),
(929, 140, 162, NULL, 61, '23332002', '2023-12-14 00:00:00', '2025-03-27 14:28:12', NULL, '7000023332002', 1, NULL, -1),
(930, 140, 162, NULL, 61, '23333002', '2023-12-14 00:00:00', '2025-03-27 14:28:12', NULL, '7000023333002', 1, NULL, -1),
(931, 140, 162, NULL, 61, '23334002', '2023-12-14 00:00:00', '2025-03-27 14:28:12', NULL, '7000023334002', 1, NULL, -1),
(932, 140, 162, NULL, 61, '23335002', '2023-12-14 00:00:00', '2025-03-27 14:28:12', NULL, '7000023335002', 1, NULL, -1),
(933, 140, 156, NULL, 61, '23336002', '2020-12-15 00:00:00', '2025-03-27 14:28:12', NULL, '7000023336002', 1, NULL, -1),
(934, 140, 156, NULL, 61, '23337002', '2020-12-15 00:00:00', '2025-03-27 14:28:12', NULL, '7000023337002', 1, NULL, -1),
(935, 141, 164, NULL, 66, '21720302', '2017-04-20 00:00:00', '2025-03-27 14:28:12', NULL, '7000021720302', 1, NULL, -1),
(936, 141, 164, NULL, 66, '21720602', '2017-04-20 00:00:00', '2025-03-27 14:28:12', NULL, '7000021720602', 1, NULL, -1),
(937, 141, 164, NULL, 66, '21720802', '2017-04-20 00:00:00', '2025-03-27 14:28:12', NULL, '7000021720802', 1, NULL, -1),
(938, 141, 164, NULL, 66, '21720402', '2017-04-20 00:00:00', '2025-03-27 14:28:12', NULL, '7000021720402', 1, NULL, -1),
(939, 141, 164, NULL, 66, '21720502', '2017-04-20 00:00:00', '2025-03-27 14:28:12', NULL, '7000021720502', 1, NULL, -1),
(940, 141, 164, NULL, 66, '21720902', '2017-04-20 00:00:00', '2025-03-27 14:28:12', NULL, '7000021720902', 1, NULL, -1),
(941, 141, 164, NULL, 66, '21721002', '2017-04-20 00:00:00', '2025-03-27 14:28:12', NULL, '7000021721002', 1, NULL, -1),
(942, 141, 164, NULL, 66, '21721102', '2017-04-20 00:00:00', '2025-03-27 14:28:12', NULL, '7000021721102', 1, NULL, -1),
(943, 141, 164, NULL, 66, '21720702', '2017-04-20 00:00:00', '2025-03-27 14:28:12', NULL, '7000021720702', 1, NULL, -1),
(1068, 149, 165, NULL, 47, '23540003', '2024-08-29 00:00:00', '2025-03-27 14:30:07', NULL, '7000023540003', 1, NULL, -1),
(1069, 149, 156, NULL, 50, '22741003', '2020-12-15 00:00:00', '2025-03-27 14:30:07', NULL, '7000022741003', 1, NULL, -1),
(1070, 149, 156, NULL, 61, '22743003', '2020-12-15 00:00:00', '2025-03-27 14:30:07', NULL, '7000022743003', 1, NULL, -1),
(1071, 149, 165, NULL, 52, '23541003', '2024-08-28 00:00:00', '2025-03-27 14:30:07', NULL, '7000023541003', 1, NULL, -1),
(1072, 149, 165, NULL, 62, '23542003', '2024-08-28 00:00:00', '2025-03-27 14:30:07', NULL, '7000023542003', 1, NULL, -1),
(1073, 149, 165, NULL, 68, '23534003', '2024-08-28 00:00:00', '2025-03-27 14:30:07', NULL, '7000023534003', 1, NULL, -1),
(1074, 149, 156, NULL, 68, '22732003', '2025-12-15 00:00:00', '2025-03-27 14:30:07', NULL, '7000022732003', 1, NULL, -1),
(1075, 149, 156, NULL, 68, '21718003', '2024-12-31 00:00:00', '2025-03-27 14:30:07', NULL, '7000021718003', 1, NULL, -1),
(1076, 149, 166, NULL, 64, '22729003', '2019-11-08 00:00:00', '2025-03-27 14:30:07', NULL, '7000022729003', 1, NULL, -1),
(1077, 149, 167, NULL, 63, '23394003', '2024-04-17 00:00:00', '2025-03-27 14:30:07', NULL, '7000023394003', 1, NULL, -1);

-- --------------------------------------------------------

--
-- Structure de la table `intervention`
--

DROP TABLE IF EXISTS `intervention`;
CREATE TABLE IF NOT EXISTS `intervention` (
  `IDIntervention` int NOT NULL AUTO_INCREMENT,
  `IDUtilisateur` int NOT NULL,
  `DateDebut` datetime NOT NULL,
  `DateFin` datetime DEFAULT NULL,
  `IDSalle` int DEFAULT NULL,
  `IDHardware` int NOT NULL,
  `IDAdmin` int NOT NULL,
  `IDAdminFermeture` int DEFAULT NULL,
  PRIMARY KEY (`IDIntervention`),
  KEY `IDHardware` (`IDHardware`),
  KEY `IDSalle` (`IDSalle`),
  KEY `IDUtilisateur` (`IDUtilisateur`),
  KEY `IDAdmin` (`IDAdmin`)
) ENGINE=InnoDB AUTO_INCREMENT=71 DEFAULT CHARSET=utf8mb4 COLLATE=utf8mb4_0900_ai_ci;

-- --------------------------------------------------------

--
-- Structure de la table `louer_hardware`
--

DROP TABLE IF EXISTS `louer_hardware`;
CREATE TABLE IF NOT EXISTS `louer_hardware` (
  `IDLocation` int NOT NULL AUTO_INCREMENT,
  `DateDebutEstime` datetime NOT NULL,
  `DateFinEstimee` datetime NOT NULL,
  `IDUtilisateur` int NOT NULL,
  `IDModel` int NOT NULL,
  `Quantite` int NOT NULL,
  `Confirmation` int NOT NULL DEFAULT '-1',
  `IDAdmin` int DEFAULT NULL,
  `DateConfirmation` datetime DEFAULT NULL,
  `DateAjout` datetime NOT NULL DEFAULT CURRENT_TIMESTAMP,
  PRIMARY KEY (`IDLocation`),
  KEY `IDAdmin` (`IDAdmin`),
  KEY `IDHardware` (`IDModel`),
  KEY `IDUtilisateur` (`IDUtilisateur`)
) ENGINE=InnoDB AUTO_INCREMENT=19 DEFAULT CHARSET=utf8mb4 COLLATE=utf8mb4_0900_ai_ci;

-- --------------------------------------------------------

--
-- Structure de la table `magasin`
--

DROP TABLE IF EXISTS `magasin`;
CREATE TABLE IF NOT EXISTS `magasin` (
  `IDMagasin` int NOT NULL AUTO_INCREMENT,
  `IDSalle` int DEFAULT NULL,
  `Nom` varchar(255) NOT NULL,
  PRIMARY KEY (`IDMagasin`),
  KEY `IDSalle` (`IDSalle`)
) ENGINE=InnoDB AUTO_INCREMENT=5 DEFAULT CHARSET=utf8mb4 COLLATE=utf8mb4_0900_ai_ci;

-- --------------------------------------------------------

--
-- Structure de la table `marque`
--

DROP TABLE IF EXISTS `marque`;
CREATE TABLE IF NOT EXISTS `marque` (
  `IDMarque` int NOT NULL AUTO_INCREMENT,
  `Nom` varchar(255) NOT NULL,
  PRIMARY KEY (`IDMarque`)
) ENGINE=InnoDB AUTO_INCREMENT=31 DEFAULT CHARSET=utf8mb4 COLLATE=utf8mb4_0900_ai_ci;

--
-- Déchargement des données de la table `marque`
--

INSERT INTO `marque` (`IDMarque`, `Nom`) VALUES
(23, 'LENOVO'),
(24, 'ACER'),
(25, 'FUJITSU'),
(26, 'DELL'),
(27, 'MICROLUX'),
(28, 'HP'),
(29, 'APPEL'),
(30, 'EPSON');

-- --------------------------------------------------------

--
-- Structure de la table `message`
--

DROP TABLE IF EXISTS `message`;
CREATE TABLE IF NOT EXISTS `message` (
  `IDMessage` int NOT NULL AUTO_INCREMENT,
  `IDUtilisateur` int DEFAULT NULL,
  `Date` datetime NOT NULL DEFAULT CURRENT_TIMESTAMP,
  `Sujet` varchar(255) NOT NULL,
  `Contenu` text CHARACTER SET utf8mb4 COLLATE utf8mb4_0900_ai_ci NOT NULL,
  `Vu` text CHARACTER SET utf8mb4 COLLATE utf8mb4_0900_ai_ci,
  PRIMARY KEY (`IDMessage`),
  KEY `IDUtilisateur` (`IDUtilisateur`)
) ENGINE=InnoDB AUTO_INCREMENT=26 DEFAULT CHARSET=utf8mb4 COLLATE=utf8mb4_0900_ai_ci;

-- --------------------------------------------------------

--
-- Structure de la table `model_hardware`
--

DROP TABLE IF EXISTS `model_hardware`;
CREATE TABLE IF NOT EXISTS `model_hardware` (
  `IDModel` int NOT NULL AUTO_INCREMENT,
  `Nom` varchar(255) NOT NULL,
  `IDMarque` int DEFAULT NULL,
  PRIMARY KEY (`IDModel`),
  KEY `IDMarque` (`IDMarque`)
) ENGINE=InnoDB AUTO_INCREMENT=150 DEFAULT CHARSET=utf8mb4 COLLATE=utf8mb4_0900_ai_ci;

--
-- Déchargement des données de la table `model_hardware`
--

INSERT INTO `model_hardware` (`IDModel`, `Nom`, `IDMarque`) VALUES
(137, 'UNITÉ', 23),
(138, 'UNITÉ', 24),
(139, 'UNITÉ', 25),
(140, 'UNITÉ', 26),
(141, 'UNITÉ', 28),
(142, 'ECRAN', 23),
(143, 'ECRAN', 24),
(144, 'ECRAN', 25),
(145, 'ECRAN', 26),
(146, 'ECRAN', 27),
(147, 'ECRAN', 28),
(148, 'ECRAN', 29),
(149, 'VIDÉO PROJECTEUR', 30);

-- --------------------------------------------------------

--
-- Structure de la table `parametre_email`
--

DROP TABLE IF EXISTS `parametre_email`;
CREATE TABLE IF NOT EXISTS `parametre_email` (
  `IDParametre` int NOT NULL AUTO_INCREMENT,
  `Nom` varchar(255) NOT NULL,
  `objet` text NOT NULL,
  `Text` text NOT NULL,
  PRIMARY KEY (`IDParametre`)
) ENGINE=InnoDB AUTO_INCREMENT=3 DEFAULT CHARSET=utf8mb4 COLLATE=utf8mb4_0900_ai_ci;

--
-- Déchargement des données de la table `parametre_email`
--

INSERT INTO `parametre_email` (`IDParametre`, `Nom`, `objet`, `Text`) VALUES
(1, 'message-admin', 'Confirmation de rejoindre notre équipe ISETN - MAG', 'Félicitations, vous avez été ajouté à notre équipe ISETN - MAG.\r\n         Vous pouvez maintenant accéder à votre compte en utilisant les informations suivantes:\r\n         \\n\\nNom d\'utilisateur: {email}\\nMot de passe: {password}\\n\r\n         Vous pouvez accéder à dashboard admin à partir de ce lien : {link}\\n\\nCordialement,\\nISETN - MAG'),
(2, 'message-user', 'Confirmation de votre compte ISETN - MAG', 'Félicitations, votre compte ISETN - MAG a été créé avec succès.\r\n         Vous pouvez maintenant accéder à votre compte en utilisant les informations suivantes:\r\n         \\n\\nNom d\'utilisateur: {email}\\nMot de passe: {password}\\n\r\n         Vous pouvez accéder à dashboard utilisateur à partir de ce lien : {link}\\n\\nCordialement,\\nISETN - MAG');

-- --------------------------------------------------------

--
-- Structure de la table `reclamation_hardware`
--

DROP TABLE IF EXISTS `reclamation_hardware`;
CREATE TABLE IF NOT EXISTS `reclamation_hardware` (
  `IDReclamation` int NOT NULL AUTO_INCREMENT,
  `IDHardware` int NOT NULL,
  `IDUtilisateur` int NOT NULL,
  `IDIntervention` int DEFAULT NULL,
  `DateReclamation` datetime NOT NULL DEFAULT CURRENT_TIMESTAMP,
  `Description` text NOT NULL,
  `IDEtat` int DEFAULT NULL,
  `Vu` text CHARACTER SET utf8mb4 COLLATE utf8mb4_0900_ai_ci,
  `IDTechnicien` int DEFAULT NULL,
  `DescriptionTechnicien` text,
  `DateTechnicien` datetime DEFAULT NULL,
  PRIMARY KEY (`IDReclamation`),
  KEY `IDEtat` (`IDEtat`),
  KEY `IDIntervention` (`IDIntervention`),
  KEY `IDHardware` (`IDHardware`),
  KEY `IDUtilisateur` (`IDUtilisateur`)
) ENGINE=InnoDB AUTO_INCREMENT=63 DEFAULT CHARSET=utf8mb4 COLLATE=utf8mb4_0900_ai_ci;

-- --------------------------------------------------------

--
-- Structure de la table `relation_hardware`
--

DROP TABLE IF EXISTS `relation_hardware`;
CREATE TABLE IF NOT EXISTS `relation_hardware` (
  `IDRelation` int NOT NULL AUTO_INCREMENT,
  `IDHardware1` int DEFAULT NULL,
  `IDHardware2` int DEFAULT NULL,
  PRIMARY KEY (`IDRelation`),
  KEY `IDHardware1` (`IDHardware1`),
  KEY `IDHardware2` (`IDHardware2`)
) ENGINE=InnoDB AUTO_INCREMENT=14 DEFAULT CHARSET=utf8mb4 COLLATE=utf8mb4_0900_ai_ci;

-- --------------------------------------------------------

--
-- Structure de la table `role`
--

DROP TABLE IF EXISTS `role`;
CREATE TABLE IF NOT EXISTS `role` (
  `IDRole` int NOT NULL AUTO_INCREMENT,
  `Nom` varchar(255) NOT NULL,
  PRIMARY KEY (`IDRole`)
) ENGINE=InnoDB AUTO_INCREMENT=3 DEFAULT CHARSET=utf8mb4 COLLATE=utf8mb4_0900_ai_ci;

--
-- Déchargement des données de la table `role`
--

INSERT INTO `role` (`IDRole`, `Nom`) VALUES
(1, 'Enseignant'),
(2, 'Technicien');

-- --------------------------------------------------------

--
-- Structure de la table `salle`
--

DROP TABLE IF EXISTS `salle`;
CREATE TABLE IF NOT EXISTS `salle` (
  `IDSalle` int NOT NULL AUTO_INCREMENT,
  `Nom` varchar(255) NOT NULL,
  `IDBloc` int DEFAULT NULL,
  PRIMARY KEY (`IDSalle`),
  KEY `IDBloc` (`IDBloc`)
) ENGINE=InnoDB AUTO_INCREMENT=69 DEFAULT CHARSET=utf8mb4 COLLATE=utf8mb4_0900_ai_ci;

--
-- Déchargement des données de la table `salle`
--

INSERT INTO `salle` (`IDSalle`, `Nom`, `IDBloc`) VALUES
(47, 'INFO 01', 1),
(48, 'INFO 02', 1),
(49, 'INFO 03', 1),
(50, 'INFO 04', 1),
(51, 'INFO 05', 1),
(52, 'INFO 06', 1),
(53, 'INFO 07', 1),
(54, 'INFO 08', 1),
(55, 'INFO 09', 1),
(56, 'INFO 010', 1),
(57, 'INFO 011', 1),
(58, 'INFO 012', 1),
(59, 'INFO 013', 1),
(60, 'INFO 014', 1),
(61, 'INFO 015', 1),
(62, 'SALLE G118', 5),
(63, 'SALLE G119', 5),
(64, 'SALLE G120', 5),
(65, 'SALLE G121', 5),
(66, 'SALLE ORANGE', 1),
(67, 'Salle A114', 2),
(68, 'CHEF DEPARTEMENT', 1);

-- --------------------------------------------------------

--
-- Structure de la table `software`
--

DROP TABLE IF EXISTS `software`;
CREATE TABLE IF NOT EXISTS `software` (
  `IDSoftware` int NOT NULL AUTO_INCREMENT,
  `Nom` varchar(255) NOT NULL,
  `DateAchat` date DEFAULT NULL,
  `DateAjout` datetime NOT NULL,
  `Lien` text NOT NULL,
  PRIMARY KEY (`IDSoftware`)
) ENGINE=InnoDB DEFAULT CHARSET=utf8mb4 COLLATE=utf8mb4_0900_ai_ci;

-- --------------------------------------------------------

--
-- Structure de la table `utilisateur`
--

DROP TABLE IF EXISTS `utilisateur`;
CREATE TABLE IF NOT EXISTS `utilisateur` (
  `IDUtilisateur` int NOT NULL AUTO_INCREMENT,
  `Nom` varchar(255) NOT NULL,
  `Prenom` varchar(255) NOT NULL,
  `Mail` varchar(255) CHARACTER SET utf8mb4 COLLATE utf8mb4_0900_ai_ci DEFAULT NULL,
  `Tel` varchar(255) CHARACTER SET utf8mb4 COLLATE utf8mb4_0900_ai_ci DEFAULT NULL,
  `MDP` text CHARACTER SET utf8mb4 COLLATE utf8mb4_0900_ai_ci,
  `Role` int DEFAULT NULL,
  `Code` text CHARACTER SET utf8mb4 COLLATE utf8mb4_0900_ai_ci,
  `CodeBarre` text,
  `Compte` int NOT NULL DEFAULT '1',
  `MarkedAsDeleted` int NOT NULL DEFAULT '-1',
  PRIMARY KEY (`IDUtilisateur`),
  KEY `Role` (`Role`)
) ENGINE=InnoDB AUTO_INCREMENT=681 DEFAULT CHARSET=utf8mb4 COLLATE=utf8mb4_0900_ai_ci;

--
-- Déchargement des données de la table `utilisateur`
--

INSERT INTO `utilisateur` (`IDUtilisateur`, `Nom`, `Prenom`, `Mail`, `Tel`, `MDP`, `Role`, `Code`, `CodeBarre`, `Compte`, `MarkedAsDeleted`) VALUES
(1, 'MASTER KEY', 'MASTER KEY', 'selimbenali2003@gmail.com', '00000000', 'SBA24112003', 2, 'NONE001', '278797869001', 1, -1),
(361, 'CHIHI', 'OUSSAMA', 'oussama.chihi12@gmail.com', NULL, 'S1dv9361wxC71po4L', 1, 'GC101', '200007167101', 2, -1),
(362, 'GAALOUL', 'ICHRAK', 'gaaloulichrak@yahoo.fr', NULL, '8MCtP362d05nggt6S', 1, 'GC102', '200007167102', 2, -1),
(363, 'MHENNI', 'HABIB', 'habib.mhenni@isetgf.rnu.tn', NULL, 'F9OiB363vIq0lL1v5', 1, 'GC103', '200007167103', 2, -1),
(364, 'BEN AMMAR', 'ILHEM', 'benammarelhem@gmail.com', NULL, 'mN8bL36455UtD9KE3', 1, 'GC104', '200007167104', 2, -1),
(365, 'MEDOUNI FEHEM', 'AMEL', 'amelmediouni@ymail.com', NULL, 'b8o3N365zIHicjxFk', 1, 'GC105', '200007167105', 2, -1),
(366, 'CHERIF', 'ANIS', 'anis.cherif@gmail.com', NULL, '1hv4H3665RH5F4O83', 1, 'GC106', '200007167106', 2, -1),
(367, 'LAMINE ZGUEB', 'TAOUFIK', 'lamine.tawfik2018@gmail.com', NULL, 'T80Uh367i1uC2B6H0', 1, 'GC107', '200007167107', 2, -1),
(368, 'ZARDOUM', 'HAMMADI', 'hzardoum@gmail.com', NULL, 'vI1Oj3687J9P2nsth', 1, 'GC109', '200007167109', 2, -1),
(369, 'BEN OMAR', 'RAHMA', 'rahmabenamor@gmail.com', NULL, 'E9L3R369YX0L0vqE7', 1, 'GC110', '200007167110', 2, -1),
(370, 'SASSI', 'RAOUDHA', 'sassiraoudha@gmail.com', NULL, 'ayQda370Zz21C1HFH', 1, 'GC111', '200007167111', 2, -1),
(371, 'YAHYAOUI', 'ZOUHOUR', 'zohour80@yahoo.fr', NULL, 'x0v4t371fYMst2x9k', 1, 'GC112', '200007167112', 2, -1),
(372, 'BEN SALLEM', 'SALLEM', 'sallembensallem@gmail.com', NULL, '12c2H372dNHJncWXR', 1, 'GC113', '200007167113', 2, -1),
(373, 'CHOUCHENE', 'SAFOUEN', 'safouanechouchane@yahoo.fr', NULL, 'mso0c3730W13bR9G6', 1, 'GC114', '200007167114', 2, -1),
(374, 'GHAMMOURI', 'AIDA', 'ghammouri.aida@gmail.com', NULL, 'mDe0H374xJ8orgR32', 1, 'GC115', '200007167115', 2, -1),
(375, 'CHEHBI', 'AICHA', 'chehbi.aicha@gmail.com', NULL, '6SgA23752sk5eit54', 1, 'GC116', '200007167116', 2, -1),
(376, 'AYED', 'ABDERRAHMEN', 'abderrahmenayed@yahoo.com', NULL, 'QJs803760LElUVjWc', 1, 'GC117', '200007167117', 2, -1),
(377, 'ABDERRAHIM', 'ABDELKARIM', 'abdelkerimabderrahim@gmail.com', NULL, 'iSgQ8377oC009awjQ', 1, 'GC118', '200007167118', 2, -1),
(378, 'BEN SALAH', 'ABDALLAH', 'bensalah_abd@live.fr', NULL, 'Fw57w378vQHyuTSIJ', 1, 'GC119', '200007167119', 2, -1),
(379, 'SNOUSSI', 'GHADA', 'gsnoussi@yahoo.fr', NULL, 'SCHmX3794of36UwRO', 1, 'GC120', '200007167120', 2, -1),
(380, 'KHADIMALLAH', 'FOUED', 'khfoued@gmail.com', NULL, '7pfd0380m0ZQ3Lv5H', 1, 'GC121', '200007167121', 2, -1),
(381, 'GHENIA', 'KAIS', 'kghenia@gmail.com', NULL, 'jBsw1381x427M36H1', 1, 'GC122', '200007167122', 2, -1),
(382, 'ELABED', 'KARIM', 'karimelabedgc@gmail.com', NULL, 'ln61z38281lT80ftC', 1, 'GC123', '200007167123', 2, -1),
(383, 'SOUIHLI', 'LOBNA', 'lobnasouihli@gmail.com', NULL, 'p3XoT383vLZqh04my', 1, 'GC124', '200007167124', 2, -1),
(384, 'YAHYAOUI', 'LOTFI', 'lotfielyahyaoui@gmail.com', NULL, 'jt9hQ3845Qo1S47Bg', 1, 'GC125', '200007167125', 2, -1),
(385, 'SOUISSI', 'MED AYET ALLAH BILEL', 'soussi_bilel@yahoo.fr', NULL, 'zdzVI3857Rd9M8QIg', 1, 'GC128', '200007167128', 2, -1),
(386, 'FERJANI', 'MOURAD', 'mourad.ferjani@yahoo.fr', NULL, 'Tu6k338665oolDIv4', 1, 'GC131', '200007167131', 2, -1),
(387, 'ATTIA', 'NEDIA', 'attia.nad@gmail.com', NULL, 'GiB7D387xQ0S1FGEJ', 1, 'GC132', '200007167132', 2, -1),
(388, 'BOUFAIED', 'NAOUFEL', 'boufaid.boufaid@gmail.com', NULL, '8lgA73885ZlFgcD2O', 1, 'GC133', '200007167133', 2, -1),
(389, 'JEDDI', 'HANA', 'jeddi.hana@gmail.com', NULL, '407gh389Icaz67Jha', 1, 'GC134', '200007167134', 2, -1),
(390, 'DAOUED', 'WISSEM', 'wissem.daoud06@gmail.com', NULL, '06N7L390pbO6o8teN', 1, 'GC135', '200007167135', 2, -1),
(391, 'MAAOUI', 'WAFA', 'wafa.maaoui@yahoo.fr', NULL, '78sz3391m0vcpWLk4', 1, 'GC136', '200007167136', 2, -1),
(392, 'WARDA', 'YOSSRI', 'werdayosri@yahoo.fr', NULL, '4VPW1392Gdec5uFSc', 1, 'GC137', '200007167137', 2, -1),
(393, 'CHEMKHI', 'MANSOUR', 'chamkhimansour@yahoo.fr', NULL, '4QY8N393PbedU89l8', 1, 'GC138', '200007167138', 2, -1),
(394, 'GUIRAS', 'HOUDA', '', NULL, 'vtbhz394EizHHCVoT', 1, 'GC139', '200007167139', 2, -1),
(395, 'RHIMI', 'JALEL', 'jalelrhimi@mail.com', NULL, '5pBsu395t6tR4mT9u', 1, 'GC140', '200007167140', 2, -1),
(396, 'LIMAM', 'WASSIM', 'limamw@........fr', NULL, 'aLc5S396iCmjGsU6G', 1, 'GC141', '200007167141', 2, -1),
(397, 'GABSI', 'NESSRINE', 'gbsnesrine@gmail.com', NULL, 'jQlYt3978izBWVWf4', 1, 'GC142', '200007167142', 2, -1),
(398, 'ATTAOUI', 'FETHI', 'fathilataoui3@yahoo.fr', NULL, 'DGk3i3989st8I2Ue2', 1, 'GC143', '200007167143', 2, -1),
(399, 'NSIR', 'HAMDI', 'hamdins@gmail.com', NULL, '7EpEo3998FQOAhCEw', 1, 'GC200', '200007167200', 2, -1),
(400, 'KHIARI', 'BRAHIM', 'brahim.khiari@crten.tnrt.tn', NULL, 'yJCmK4001U5MB8hxl', 1, 'GE101', '200007169101', 2, -1),
(401, 'BAHI', 'ZAIED', 'zaied_bahi@yahoo.com', NULL, '26du9401Q6bMmBH77', 1, 'GE102', '200007169102', 2, -1),
(402, 'HAJJI', 'MOEZ', 'moezhajji72@gmail.com', NULL, '0IcCf402MeK6063e4', 1, 'GE103', '200007169103', 2, -1),
(403, 'MBAREK', 'ELYES', 'mbarek.elyes@gmail.com', NULL, '00l53403MmHhBaOQI', 1, 'GE104', '200007169104', 2, -1),
(404, 'DEGACHI', 'OUMAYMA', 'oumayma.degachi@gmail.com', NULL, 'Mwe2x40476JR7t7O1', 1, 'GE105', '200007169105', 2, -1),
(405, 'CHALLOUF', 'IMEN', 'imenchallouf@yahoo.fr', NULL, 'C5dbE405pmW8W3Cbp', 1, 'GE106', '200007169106', 2, -1),
(406, 'AZZOUZ', 'IMEN', 'imen.azzouze@gmail.com', NULL, 'X3qjj406Q8mu0L5T6', 1, 'GE107', '200007169107', 2, -1),
(407, 'NECHBA', 'IMEN', 'imen.nechba@gmail.com', NULL, 'ni1844077GnAUa78X', 1, 'GE108', '200007169108', 2, -1),
(408, 'BEN SALEM', 'JAMEL', 'bsj_jamel@yahoo.fr', NULL, 'uJbX2408b17xG3n1U', 1, 'GE109', '200007169109', 2, -1),
(409, 'MNASSRI', 'KHALED', 'khmn111@gmail.com', NULL, 'c4SdN4094zd7g8070', 1, 'GE112', '200007169112', 2, -1),
(410, 'MEDDEB', 'RIDHA', 'ridhameddeb@yahoo.fr', NULL, '86o6F410wJbYhilzE', 1, 'GE113', '200007169113', 2, -1),
(411, 'BEL HADJ HSIN', 'RIADH', 'riadhhh@yahoo.fr', NULL, 'TC3YJ411fp2bn5z7c', 1, 'GE114', '200007169114', 2, -1),
(412, 'LASSOUED', 'SALIMA', 'lassaoued.salima@yahoo.fr', NULL, 'KHouc4126i8GcVYGW', 1, 'GE115', '200007169115', 2, -1),
(413, 'BOUZAIDA', 'SANA', 'bouzaida_sana@hotmail.fr', NULL, '9rSUo413Gdo1FoXIi', 1, 'GE116', '200007169116', 2, -1),
(414, 'ABDMOULEH', 'SONDES', 'sondes.abdelmouleh@yahoo.fr', NULL, 'hygyM414HsZ2e2vev', 1, 'GE117', '200007169117', 2, -1),
(415, 'EL FALAH', 'CHOKRI', 'chokrifalah@yahoo.fr', NULL, 'v27lr415b40XnmFv3', 1, 'GE118', '200007169118', 2, -1),
(416, 'SAIED', 'ADEL', 's.adel.nabeul@gmail.com', NULL, '4z6m7416sG70EzH80', 1, 'GE119', '200007169119', 2, -1),
(417, 'EL OUNI', 'ABDELAZIZ', 'abdelazizelouni@yahoo.fr', NULL, 'U61924173PDeeuGRy', 1, 'GE120', '200007169120', 2, -1),
(418, 'KANFOUD BEN RAYANA', 'AKILA', 'akilamabe@yahoo.com', NULL, 'TaJs4418oeym383VW', 1, 'GE121', '200007169121', 2, -1),
(419, 'HIDRI', 'IMED', 'imed.hidri@yahoo.fr', NULL, 'bKI9h419u465KKgD8', 1, 'GE122', '200007169122', 2, -1),
(420, 'MHAMDI', 'GHARBIA', 'gharbia.neffeti@gmail.com', NULL, 'LTCd1420diqeSHlmQ', 1, 'GE123', '200007169123', 2, -1),
(421, 'DOUIRI', 'FADIA', 'fedia_douiri@yahoo.fr', NULL, 'G2R19421cXE7iqxyQ', 1, 'GE124', '200007169124', 2, -1),
(422, 'EZZINE', 'FATMA NAOUEL', 'fatma_ezzine@yahoo.fr', NULL, 'XAEv1422cjsKVngfs', 1, 'GE125', '200007169125', 2, -1),
(423, 'HALFAOUI', 'KARIMA', 'halfaouikarima@yahoo.fr', NULL, 'Jsdn5423d330l7r3s', 1, 'GE127', '200007169127', 2, -1),
(424, 'BOUJMIL', 'MED HABIB', 'mohamedhabib.boujmil@yahoo.fr', NULL, 'N6m3R42487ss2DLs2', 1, 'GE128', '200007169128', 2, -1),
(425, 'MOULAHI', 'MOHAMED HEDI', 'moulahi2004@yahoo.fr', NULL, 'Q03zk42544kPQeXx2', 1, 'GE130', '200007169130', 2, -1),
(426, 'BLAH', 'MARWENE', 'blah.marouane@gmail.com', NULL, 'ZIv52426s59LlY74E', 1, 'GE131', '200007169131', 2, -1),
(427, 'AYADI', 'MOEZ', 'moezayadi71@live.fr', NULL, 'XND8N427E6fG8QkrT', 1, 'GE132', '200007169132', 2, -1),
(428, 'AMARI', 'MANSOUR', 'mansour.amari@gmail.com', NULL, '0qII5428fl05p07sP', 1, 'GE134', '200007169134', 2, -1),
(429, 'CHELLY', 'NAJIA', 'chelly_nejia@hotmail.fr', NULL, '0u310429L90qMFCRw', 1, 'GE135', '200007169135', 2, -1),
(430, 'TOUJENI', 'NIZAR', 'nizar.toujeni@isetn.rnu.tn', NULL, '3m364430YruoH8Irm', 1, 'GE136', '200007169136', 2, -1),
(431, 'MDINI', 'NIDHAL', 'nidhal.md@gmail.com', NULL, 'Nys56431TuVtbx9vm', 1, 'GE138', '200007169138', 2, -1),
(432, 'AKOUBI', 'NOUREDDINE', 'yaakoubi.n@gmail.com', NULL, '6sByU432Cq8dYK177', 1, 'GE139', '200007169139', 2, -1),
(433, 'MABROUKI', 'HICHEM', 'hichemmabrouki@gmail.com', NULL, 'Ri1nc4339T0FjiTGg', 1, 'GE140', '200007169140', 2, -1),
(434, 'JEMAI', 'YASSINE', 'yassine.jemai@isetn.rnu.tn', NULL, 'vy3Ef434LBY2zrAcy', 1, 'GE142', '200007169142', 2, -1),
(435, 'CHELBI', 'HASSEN', 'dtnh2302@gmail.com', NULL, 'vob0v435b2eHBk3os', 1, 'GE143', '200007169143', 2, -1),
(436, 'GASSOUMI', 'MAHMOUD', 'gassoumimahmoud@yahoo.fr', NULL, '40J964362WYnS8Hjd', 1, 'GE144', '200007169144', 2, -1),
(437, 'KHELIL', 'ABDESSATTAR', 'abdessattar_khelil@gmail.com', NULL, 'nB3CL437cjg7Y8NXa', 1, 'GE145', '200007169145', 2, -1),
(438, 'BEN AMMAR', 'HICHEM', 'hichem-ben-ammar@yahoo.fr', NULL, '4ep0r4387cOjC00oS', 1, 'GE146', '200007169146', 2, -1),
(439, 'MEJRI', 'MED RADHOUANE', 'mejri.mohamed.radhouane@gmail.com', NULL, 'x4s084393Wckm9Sdm', 1, 'GE147', '200007169147', 2, -1),
(440, 'ELBEHI', 'BOUTHEINA', '', NULL, '9gSOA440e64UR22I1', 1, 'GE148', '200007169148', 2, -1),
(441, 'CHABCHOUB', 'MED HEDI', 'chachoub_medhedi@yahoo.fr', NULL, 'cQR9q441oHlVhSCxc', 1, 'GE149', '200007169149', 2, -1),
(442, 'BEN ABDALLAH', 'SOBHI', 'sobhi.tech@yahoo.fr', NULL, '7aNAF44252j7yyqpz', 1, 'GE150', '200007169150', 2, -1),
(443, 'BOUALI', 'CHAABANE', 'chaabane.bouali@fst.utn.tn', NULL, '63nZ0443ET4Eu28Tr', 1, 'GE151', '200007169151', 2, -1),
(444, 'ABROUG', 'SAMEH', '', NULL, 'x854C444Q6AM03wE3', 1, 'GE152', '200007169152', 2, -1),
(445, 'ABDAOUI', 'HOUDA', 'abdaoui.houda180586@gmail.com', NULL, 'ClJ4r445Vu6BN06m2', 1, 'GE153', '200007169153', 2, -1),
(446, 'HAMMAMI', 'TAHER', 'taherhammami@yahoo.fr', NULL, 'ypTLU446i0EngccBc', 1, 'GM101', '200007177101', 2, -1),
(447, 'BEN ALI', 'MONGI', 'mongibenali2000@yahoo.fr', NULL, '2wy6r447j11fJZt9v', 1, 'GM102', '200007177102', 2, -1),
(448, 'ELKAMEL', 'MEHDI', 'elkamel.mehdi@yahoo.fr', NULL, '0EbKg448qML5jsrx2', 1, 'GM103', '200007177103', 2, -1),
(449, 'MHEMMED', 'AMIRA', 'amiramhammed@yahoo.com', NULL, 'H6c8J449q4097Thi0', 1, 'GM104', '200007177104', 2, -1),
(450, 'BEN FRAJ', 'BOUTHEINA', 'bfb.ingmec@gmail.com', NULL, 'zVGvx4508D10gtGx4', 1, 'GM105', '200007177105', 2, -1),
(451, 'EZZAHI', 'BILEL', 'bilelezzahi@yahoo.fr', NULL, 'ugzO4451z3Pv26EP8', 1, 'GM106', '200007177106', 2, -1),
(452, 'ALOUI', 'HOSNI', 'aloui_cm@yahoo.fr', NULL, 'JCl04452NnQsaFBWQ', 1, 'GM108', '200007177108', 2, -1),
(453, 'LOUATI', 'HAMMOUDA', 'hamoudalouati@gmail.com', NULL, 'oFGm94533yUsN1d0i', 1, 'GM109', '200007177109', 2, -1),
(454, 'LIGIMI', 'RIADH', 'riadhlijim@yahoo.com', NULL, 'tGc1a454Y4XA4FhAH', 1, 'GM110', '200007177110', 2, -1),
(455, 'GRARI', 'ZEINEB', 'grari.zeineb@hotmail.fr', NULL, 'u77dw455D30Qe0wR3', 1, 'GM111', '200007177111', 2, -1),
(456, 'BELLALEH', 'SAMI', 'bellalah.sam@gmail.com', NULL, 'BDB8S456wmi0729TP', 1, 'GM112', '200007177112', 2, -1),
(457, 'BEN NCIB', 'SAMI', 'sami.necib@yahoo.fr', NULL, 'p2yyv4573Eg9I2EED', 1, 'GM113', '200007177113', 2, -1),
(458, 'MHEMMED', 'SAMIR', 'samir.mhemed@gmail.com', NULL, '824z54586gqBHaDU7', 1, 'GM114', '200007177114', 2, -1),
(459, 'SAYADI', 'SONIA', 'sonia.sayadi.75@gmail.com', NULL, 'Bw3z6459Td81TI61C', 1, 'GM115', '200007177115', 2, -1),
(460, 'GARA', 'SOUHIR', 'garasouhir@yahoo.fr', NULL, 'U1Z864600J80q23cw', 1, 'GM116', '200007177116', 2, -1),
(461, 'LAAMIRI', 'CHAKER', 'laamirichaker@yahoo.fr', NULL, '6x41p461zq09X69h7', 1, 'GM117', '200007177117', 2, -1),
(462, 'BEN AISSA', 'CHOKRI', 'benaisa_chokri@yahoo.fr', NULL, 'LK01k462o4Md5h90h', 1, 'GM118', '200007177118', 2, -1),
(463, 'KALLALI', 'SAFIEDDINE', 'safigal2004@yahoo.fr', NULL, 'L2BLF463hJcHKG9Q7', 1, 'GM119', '200007177119', 2, -1),
(464, 'TLILI', 'ADNEN', 'tlili_adnene@yahoo.fr', NULL, 'DiM07464hYSjJp454', 1, 'GM120', '200007177120', 2, -1),
(465, 'SAADAOUI', 'EZEDDINE', 'ezdin2004@yahoo.com', NULL, 'Hetof465s0Td935nC', 1, 'GM121', '200007177121', 2, -1),
(466, 'BEN JEDDOU', 'IMED', 'imedbenjeddou96@yahoo.com', NULL, 'iGaR0466yi57qwH0g', 1, 'GM122', '200007177122', 2, -1),
(467, 'LANDOLSI', 'FOUED', 'landolsifoued1971@gmail.com', NULL, 'xk14946795Iy7s7F3', 1, 'GM123', '200007177123', 2, -1),
(468, 'LAZGHEB', 'KAIS', 'kais.lazghab@yahoo.fr', NULL, 'e7Kjy4687NQF7B699', 1, 'GM124', '200007177124', 2, -1),
(469, 'ABDELLAOUI', 'LOTFI', 'lotfi.abdellaoui@yahoo.fr', NULL, 'i3wq1469MvYEKYVuH', 1, 'GM125', '200007177125', 2, -1),
(470, 'BEJAOUI', 'LAMIA', 'bejaoui.lamia@gmail.com', NULL, 'd5PVc470SclJaIu6I', 1, 'GM126', '200007177126', 2, -1),
(471, 'SNOUSSI', 'MOHAMED', 'snoussimohamed 99@yahoo.fr', NULL, 'T3F5547155mSJ8Ba0', 1, 'GM127', '200007177127', 2, -1),
(472, 'BEN HAMZA', 'MOHAMED', 'benhamza1_mohamed@yahoo.fr', NULL, '9V5v94726UV7r9yjw', 1, 'GM128', '200007177128', 2, -1),
(473, 'BEN KACEM', 'MOHAMED', 'mohamedbenkacem685@gmail.com', NULL, 'Z705h47338bTX3B0n', 1, 'GM129', '200007177129', 2, -1),
(474, 'MEHREZ', 'MOHAMED', 'mehrez.med@gmail.com', NULL, 'R44Yn474H1X8y2728', 1, 'GM130', '200007177130', 2, -1),
(475, 'JERBI', 'MOURAD', 'mourad.jerbi@gmail.com', NULL, '8D0KW4754g0LngHW8', 1, 'GM131', '200007177131', 2, -1),
(476, 'DAOUED', 'MARIEM', 'meriem.daoud@ymail.com', NULL, '1k5A047627tZj9xa4', 1, 'GM132', '200007177132', 2, -1),
(477, 'CHERIF', 'MAKREM', 'cherifmakrem@yahoo.fr', NULL, '01CFg477145HGwds5', 1, 'GM133', '200007177133', 2, -1),
(478, 'ATTIA', 'MANEL', 'attia_manel2007@yahoo.fr', NULL, 'eau22478wGK2g9BlU', 1, 'GM134', '200007177134', 2, -1),
(479, 'DRIRA', 'MOUNA', 'mouna.driira@gmail.com', NULL, '4ANH1479sVE52n7V2', 1, 'GM135', '200007177135', 2, -1),
(480, 'BOUDEN', 'MOUNIR', 'mounir_bouden2004@yahoo.fr', NULL, '88k7S480B53Hz000S', 1, 'GM136', '200007177136', 2, -1),
(481, 'HMISSI', 'NIZAR', 'hmissinizar@yahoo.fr', NULL, '5oHQV481L209Csc7T', 1, 'GM138', '200007177138', 2, -1),
(482, 'SAIED', 'NAZIHA', 'naziha_said@yahoo.fr', NULL, 'xanBF4826rv3DLVpX', 1, 'GM139', '200007177139', 2, -1),
(483, 'WAHABI', 'HANA', 'wahabi_hana@live.fr', NULL, 'vGEwp4837XHe06M6I', 1, 'GM140', '200007177140', 2, -1),
(484, 'HARHOURI', 'WAHIDA', 'harhouri.wahida@hotmail.com', NULL, 'a2Iu9484eCwBN7V2O', 1, 'GM141', '200007177141', 2, -1),
(485, 'KHMIRA', 'WAFA', 'khmirawafa@yahoo.fr', NULL, 'swA8O485EKVl2rph3', 1, 'GM142', '200007177142', 2, -1),
(486, 'BEN SALEM', 'SOUFIENE', 'sofianebensalem.sbs@gmail.com', NULL, '178Hg486hm5Vy5C2w', 1, 'GM143', '200007177143', 2, -1),
(487, 'CHOMMEKH', 'RIHEB', 'rihabchammakh@hotmail.fr', NULL, 'Cx4Qa487Sn448l57z', 1, 'GM144', '200007177144', 2, -1),
(488, 'GABSI', 'ABDEL HEDI', 'gabsihedi@yahoo.fr', NULL, 'aCZin488Ebb20u5XP', 1, 'GM145', '200007177145', 2, -1),
(489, 'BOUAJILA', 'SOUFIENE', 'sofiane72001@yahoo.fr', NULL, 'Za8KW489g0Ucahv3A', 1, 'GM146', '200007177146', 2, -1),
(490, 'SAHBI', 'MARIEM', 'tahrimyriam@yahoo.com', NULL, 'PHIYM490bqgSQtnh9', 1, 'GM147', '200007177147', 2, -1),
(491, 'AMARA', 'BRAHIM', 'ibrahimamara_73@yahoo.fr', NULL, 'Kw3V7491a0pyu25r7', 1, 'GM148', '200007177148', 2, -1),
(492, 'MANKAI', 'WAHBI', 'wahbi.mankai@enit.utm.tn', NULL, 'a0NwN4925KzqcZl6B', 1, 'GM149', '200007177149', 2, -1),
(493, 'MATHLOUTHI', 'SAFA', 'mathlouthi.safa@yahoo.fr', NULL, 'uZcc7493DrQ9IZP5S', 1, 'GM150', '200007177150', 2, -1),
(494, 'ZAYATI', 'MANEL', 'zayati_manell@yahoo.fr', NULL, 'xxjRg49493C7Z920p', 1, 'GM151', '200007177151', 2, -1),
(495, 'BOUMAIZA', 'ZOHRA', 'zohra.boumaiza@yahoo.fr', NULL, 'H0401495ULlX87BOK', 1, 'SG101', '200008371101', 2, -1),
(496, 'BEN HMIDA ELEBRI', 'ELYES', 'elyes.elebri@gmail.com', NULL, '7z7k04963yfRri887', 1, 'SG102', '200008371102', 2, -1),
(497, 'HAOUES', 'AMIRA', 'amirahaoues@gmail.com', NULL, 'Kel54497X5e5W7n3q', 1, 'SG103', '200008371103', 2, -1),
(498, 'BEN AHMED', 'INSAF', 'inbenahmed@gmail.com', NULL, 'R7LD5498G6TsIONRc', 1, 'SG104', '200008371104', 2, -1),
(499, 'SAYARI', 'IMEN', 'imen.gueddiche@hotmail.com', NULL, '7e6W6499hT2Q37oov', 1, 'SG105', '200008371105', 2, -1),
(500, 'MILI', 'INES', 'ines.mili.ben.zaied@hotmail.fr', NULL, 'i2t955009l4Vh94Bu', 1, 'SG106', '200008371106', 2, -1),
(501, 'NAFFOUTI', 'INES', 'naffoutiines@yahoo.fr', NULL, 'fEw1T5013YX914995', 1, 'SG107', '200008371107', 2, -1),
(502, 'BOUZEYENE', 'RACHED', 'bouzeyen_rached@yahoo.fr', NULL, '3DV62502J2M8YzqI0', 1, 'SG109', '200008371109', 2, -1),
(503, 'KSOURI', 'RIDHA', 'ridha_ksouri@yahoo.fr', NULL, '65r3J503k2Z8O8RD9', 1, 'SG110', '200008371110', 2, -1),
(504, 'BEN ABDALLAH', 'ZIED', 'ziedbenabdallah60@yahoo.fr', NULL, 'PZEDy504ZK2B7A0Yk', 1, 'SG111', '200008371111', 2, -1),
(505, 'KERKENI', 'ZAINEB', 'zeineb.kerkeny@yahoo.fr', NULL, 'vHyZL505hQhQWnVvh', 1, 'SG112', '200008371112', 2, -1),
(506, 'BACCAR', 'SAMI', 'baccarus@gmail.com', NULL, '4KpEl506J1d1MaFXy', 1, 'SG113', '200008371113', 2, -1),
(507, 'AZZA', 'SOUAD', 'azza_souad@yahoo.fr', NULL, '3rbb85077cn27S400', 1, 'SG114', '200008371114', 2, -1),
(508, 'REZGUI', 'SOUKEINA', 'rezguisoukaina@gmail.com', NULL, 'mdxj3508aB08GE7Vw', 1, 'SG115', '200008371115', 2, -1),
(509, 'BANI', 'SALOUA', 'salouabani@gmail.com', NULL, 'JneC1509lbRu69Ex8', 1, 'SG116', '200008371116', 2, -1),
(510, 'RIAHI', 'SOUMAYA', 'soumayariahik@yahoo.fr', NULL, '4YtD7510Ju8f11FdY', 1, 'SG117', '200008371117', 2, -1),
(511, 'DERBEL', 'SANA', 'sanaderbel295@yahoo.fr', NULL, 'cZz2W511KpbtnLm5B', 1, 'SG118', '200008371118', 2, -1),
(512, 'MARZOUKI', 'SENDA', 'sindatabbene@yahoo.fr', NULL, '88L0Z5128kH858H7Y', 1, 'SG119', '200008371119', 2, -1),
(513, 'MANKAI', 'SONIA', 'sonia_mankai@yahoo.com', NULL, 'lJQaN513SzH4jr5M1', 1, 'SG120', '200008371120', 2, -1),
(514, 'TMANI', 'SAHLA', 'sahla.tmani@gmail.com', NULL, 'I5tnR514hG3wCkHs9', 1, 'SG121', '200008371121', 2, -1),
(515, 'ABDELLATIF', 'CHAFIK', 'chafikabdellatif@yahoo.fr', NULL, 'VomHU515ZND0EzOld', 1, 'SG122', '200008371122', 2, -1),
(516, 'BEJAOUI', 'CHOKRI', 'chokribejaoui.iset@yahoo.fr', NULL, 'Wf3Cv516yRrDXUp3M', 1, 'SG123', '200008371123', 2, -1),
(517, 'ABDELLATIF', 'CHIRAZ', 'abdellatifchiraz@gmail.com', NULL, 'Nklbq5179uFD2LtuO', 1, 'SG124', '200008371124', 2, -1),
(518, 'DAOULA', 'SABEH', 'sabehdaoula@gmail.com', NULL, 'M96zo518ed99857VM', 1, 'SG125', '200008371125', 2, -1),
(519, 'ARFA', 'ATIKA', 'atkaarfa@yahoo.fr', NULL, '6N1Ew519l9lFa0Ag6', 1, 'SG126', '200008371126', 2, -1),
(520, 'KHOUJA', 'ADEL', 'khouja_adel@yahoo.fr', NULL, 'dh12R520o433Dx3k3', 1, 'SG127', '200008371127', 2, -1),
(521, 'BELLIL', 'ABDERRAOUF', 'abd.bellil2@gmail.com', NULL, 'ou8zg521icbu5LRtE', 1, 'SG128', '200008371128', 2, -1),
(522, 'OUMAR', 'ISSAM', 'issam.omar2012@gmail.com', NULL, '4g3bj522584283745', 1, 'SG129', '200008371129', 2, -1),
(523, 'FLIFEL', 'ALLALA', 'allala.flifel@isetr.rnu.tn', NULL, 'dBT26523DFNtx8WXO', 1, 'SG130', '200008371130', 2, -1),
(524, 'BELKAHLA', 'MOHAMED', 'belkahla_mohamed@yahoo.fr', NULL, 'uHVI252466f5v2TVg', 1, 'SG131', '200008371131', 2, -1),
(525, 'CHELLY', 'MOHAMED ALI', 'mohamed_ali_chelly@yahoo.fr', NULL, '27PY1525SMW2YKSVf', 1, 'SG132', '200008371132', 2, -1),
(526, 'SGHAIER', 'MOURAD', 'sghaier.mourad@gmail.com', NULL, '06UR6526Z0myfU57a', 1, 'SG133', '200008371133', 2, -1),
(527, 'OUERTANI', 'MERIEM', 'meriem.ouertani08@gmail.com', NULL, '4nIzZ527AXJk8r2tF', 1, 'SG134', '200008371134', 2, -1),
(528, 'DAOUED', 'MOUNA', 'daoudmouna@gmail.com', NULL, '25t61528KWr454Vzk', 1, 'SG135', '200008371135', 2, -1),
(529, 'BOUSSAADA', 'NEDIA', 'nadia.boussaada@gmail.com', NULL, 'i8N8T529L45nlceRI', 1, 'SG136', '200008371136', 2, -1),
(530, 'MANOUBI BEN DHIA', 'NAJEH', 'wissembendhia@yahoo.fr', NULL, '319585303krQ4FWCk', 1, 'SG137', '200008371137', 2, -1),
(531, 'BEN FEKIH EP. BOUZAIEN', 'NAJLA', 'najla_benfkih@yahoo.fr', NULL, '4YGMJ531GQr0z0a2P', 1, 'SG138', '200008371138', 2, -1),
(532, 'RANEN', 'NOUR EL HOUDA', 'ranenenour@yahoo.fr', NULL, '70F3w5325Is4sh7zg', 1, 'SG139', '200008371139', 2, -1),
(533, 'CHARFEDDINE', 'NAOUFEL', 'kzcharf@gmail.com', NULL, 'axjEO533wQB20uZMV', 1, 'SG140', '200008371140', 2, -1),
(534, 'SAADI', 'WALID', 'saadi.walid@yahoo.fr', NULL, '7c6NI534h23P1Mh6Z', 1, 'SG141', '200008371141', 2, -1),
(535, 'CHAKROUN', 'YASSINE', 'yassinenabeul@gmail.com', NULL, '68N8n535QXgED4Z8C', 1, 'SG142', '200008371142', 2, -1),
(536, 'KACEM', 'MOEZ', 'moezkacem@yahoo.fr', NULL, 't71IN536Lut70C5ma', 1, 'SG143', '200008371143', 2, -1),
(537, 'BEZRATI', 'RAJA', 'bezratiraja@gmail.com', NULL, 'Io4BX53798h4kmZ8n', 1, 'SG144', '200008371144', 2, -1),
(538, 'BEN HARRATH', 'THOURAYA', '', NULL, 'fsCel5383xx37V8h0', 1, 'SG145', '200008371145', 2, -1),
(539, 'BEN AZIZA', 'RIM', 'rimbenaziza@yahoo.fr', NULL, 'CugTE539L2Qj9UOxv', 1, 'SG146', '200008371146', 2, -1),
(540, 'REBAI', 'CHIRAZ', 'chiraz.rebai.douik@gmail.com', NULL, '48ES6540eVf623D3x', 1, 'SG147', '200008371147', 2, -1),
(541, 'MEJRI', 'JIHENE', 'jihenmejri2007@hotmail.com', NULL, '6L7Zo541eMaX04tM9', 1, 'SG148', '200008371148', 2, -1),
(542, 'HADJ SALEM', 'HAJER', 'hs_hajer@yahoo.fr', NULL, '5O1395421yeo2a2V0', 1, 'SG149', '200008371149', 2, -1),
(543, 'NAJJAR', 'SOUMAYA', 'souma_najar_ayech@yahoo.fr', NULL, 'Yzg7l543N0dUT3OjX', 1, 'SG150', '200008371150', 2, -1),
(544, 'SMIDA', 'SAMEH', 'sameh.smida@gmail.com', NULL, 'HPnix544jIxm7H3wH', 1, 'SG151', '200008371151', 2, -1),
(545, 'AZZOUNA', 'AHMED', 'azzouna_ahmed@yahoo.fr', NULL, 'Iegu7545pRYAYvOj3', 1, 'TI101', '200008473101', 2, -1),
(546, 'EZAIECH', 'AMEL', 'ezzaichamel@yahoo.fr', NULL, '9kssS546m0juc0V0D', 1, 'TI102', '200008473102', 2, -1),
(547, 'LIMAM', 'INSAF', 'insaf.limam@gmail.com', NULL, 'UUdHU54771xHgGqHx', 1, 'TI104', '200008473104', 2, -1),
(548, 'SGHAIER', 'IMEN', 'imene.sghaier@gmail.com', NULL, 'bgqIY5482p00ND6mg', 1, 'TI105', '200008473105', 2, -1),
(549, 'HERZI', 'IMEN', 'emy_imen@yahoo.fr', NULL, 'e9i1Y549EwTBtC9aT', 1, 'TI106', '200008473106', 2, -1),
(550, 'GHORBEL', 'INES', 'ines.ghorbel@gmail.com', NULL, 'Ug4hN550MjH9vajiV', 1, 'TI107', '200008473107', 2, -1),
(551, 'HEDHLI', 'JIHEN', 'j_hedhli@yahoo.fr', NULL, 'd02N155180F1v2i8B', 1, 'TI109', '200008473109', 2, -1),
(552, 'BOUARADA', 'KHALED', 'kbouarada@gmail.com', NULL, 's787755208RsAcv9Y', 1, 'TI110', '200008473110', 2, -1),
(553, 'TLILI', 'RADHOUENE', 'tlili.radhouene@gmail.com', NULL, 'ta15m5531QonOh21O', 1, 'TI111', '200008473111', 2, -1),
(554, 'BETTAIBI', 'RAFIKA', 'rafikabettaibi@yahoo.fr', NULL, 'hqgvS554Kc514bf1k', 1, 'TI112', '200008473112', 2, -1),
(555, 'MANSOUR', 'RIADH', 'mansour.riadh@hotmail.com', NULL, '0f9kD55506bD6YSF5', 1, 'TI113', '200008473113', 2, -1),
(556, 'BEN ROMDHAN', 'ZIED', 'gbrzied@gmail.com', NULL, '6T6MK556nJVM8G3s1', 1, 'TI114', '200008473114', 2, -1),
(557, 'MNIF', 'SALIMA', 'mnifsalima@yahoo.fr', NULL, 'hmzRo557Mz7CDx797', 1, 'TI116', '200008473116', 2, -1),
(558, 'AIDOUDI EP. CHELBI', 'SAMIA', 'samiachelbi@hotmail.fr', NULL, '4bali558SYFKh1fKQ', 1, 'TI117', '200008473117', 2, -1),
(559, 'HOUAS EP. AZZABI', 'SANA', 'sana_haouas@yahoo.fr', NULL, 'Z7tpE559o1430R7Xz', 1, 'TI118', '200008473118', 2, -1),
(560, 'GUERBOUJ', 'SONIA', 'guerbouj_sonya@yahoo.fr', NULL, 'J5c7D5609p8I43jhR', 1, 'TI119', '200008473119', 2, -1),
(561, 'BOUSSETTA', 'CHOKRI', 'chokri.boussetta@gmail.com', NULL, '7MO9f561pBDcm353q', 1, 'TI121', '200008473121', 2, -1),
(562, 'OUESLATI', 'CHAWKI', 'chauki-ouesleti@outlook.fr', NULL, 'R01qu5628QuIx3xJs', 1, 'TI122', '200008473122', 2, -1),
(563, 'ELAMERI', 'CHAYMA', 'chayma.ameri@gmail.com', NULL, 'zi3FZ56327Kp4376Z', 1, 'TI123', '200008473123', 2, -1),
(564, 'CHALLOUF', 'SABRI', 'sabri.challouf@gmail.com', NULL, 'Lb1VK564RxrG5bXz3', 1, 'TI124', '200008473124', 2, -1),
(565, 'CHEBAANE', 'AIDA', 'aida_chebaane@yahoo.fr', NULL, 'i1D0B5653jm5l1rrC', 1, 'TI125', '200008473125', 2, -1),
(566, 'KHALDI', 'ABIR', 'abirakaldi@yahoo.fr', NULL, 'HZ8k2566TmnxcBx33', 1, 'TI126', '200008473126', 2, -1),
(567, 'FKIRI', 'AFEF', 'afeffkiri@gmail.com', NULL, 'IlGR6567gQ9Py6J0l', 1, 'TI127', '200008473127', 2, -1),
(568, 'ZRIBI', 'IMED', 'imedzribi@yahoo.fr', NULL, 'GQtem568J14jb28F9', 1, 'TI128', '200008473128', 2, -1),
(569, 'SOUSSI', 'IMED', 'soussi.imed@yahoo.fr', NULL, '9H4N45693A42G1LFl', 1, 'TI129', '200008473129', 2, -1),
(570, 'OUERGHEMI', 'FATMA', 'derby_fr2001@yahoo.fr', NULL, 'q0m6w570v0V5D2i6y', 1, 'TI130', '200008473130', 2, -1),
(571, 'DHAHRI', 'MBAREK', 'mbarek.dhahri@gmail.com', NULL, 'm0hjD571or408X65m', 1, 'TI131', '200008473131', 2, -1),
(572, 'KHMIRI', 'MEHASSEN', 'mahassenk@yahoo.fr', NULL, 'OY7tt5726dMlx9IZ2', 1, 'TI132', '200008473132', 2, -1),
(573, 'HMIDA', 'MED FAOUZI', 'faouzi.hmida@isetch.rnu.tn', NULL, 'e37RV5731n7akT56a', 1, 'TI133', '200008473133', 2, -1),
(574, 'ISSAOUI', 'MED NAJEH', 'mednajehissaoui@gmail.com', NULL, '7Eb685748i3YH9cqj', 1, 'TI134', '200008473134', 2, -1),
(575, 'BEN ROMDHAN', 'MOURAD', 'mourad.benromdhan@gmail.com', NULL, 'viaqB575HV534Zlec', 1, 'TI135', '200008473135', 2, -1),
(576, 'MRABET HAMZA', 'MANEL', 'hamza.manel@gmail.com', NULL, '0x1KV576ChJnd893z', 1, 'TI136', '200008473136', 2, -1),
(577, 'BEN TOUATI', 'NEJIA', 'nejia.btouati@gmail.com', NULL, 'TcYQR577K73caloT2', 1, 'TI137', '200008473137', 2, -1),
(578, 'BELHADJ', 'NADHEM', 'nadhemb@yahoo.com', NULL, '6448v578S2Jm2PW9R', 1, 'TI138', '200008473138', 2, -1),
(579, 'REJEB', 'NABIL', 'nabil.rejeb@gmail.com', NULL, '8pSVN579Lfth9fTIt', 1, 'TI139', '200008473139', 2, -1),
(580, 'MEDDEB', 'NOUCEYMA', 'nouceimameddeb@yahoo.fr', NULL, 'fZ3Ys5803iJV43Hrn', 1, 'TI141', '200008473141', 2, -1),
(581, 'FERJANI', 'NIDHAL', 'nidhal.ferjani@gmail.com', NULL, 'T3E4W581u1yp4M3GQ', 1, 'TI142', '200008473142', 2, -1),
(582, 'DAGHFOUS', 'NAIMA', 'naiima.daghfous@gmail.com', NULL, '858Ra5821w7429G6i', 1, 'TI143', '200008473143', 2, -1),
(583, 'FAKER', 'NAOUFEL', 'naoufel.faker@yahoo.com', NULL, 'cp52S583k22Tt4AvY', 1, 'TI144', '200008473144', 2, -1),
(584, 'MHAFDHI', 'HOUDA', 'mhafdhihouda@gmail.com', NULL, 'pn13r5847WyjN2DDP', 1, 'TI145', '200008473145', 2, -1),
(585, 'HADDAJI', 'HOUNEIDA', 'haddajihouneida@yahoo.fr', NULL, '3T92h585OvvC3MATG', 1, 'TI146', '200008473146', 2, -1),
(586, 'BEN JANNET', 'WALID', 'daoudawalid@gmail.com', NULL, '476L1586kDS58c7Fu', 1, 'TI147', '200008473147', 2, -1),
(587, 'DAHMANE', 'ADEL', 'adeldahmane@yahoo.fr', NULL, 'rL1pn587rzt558lgF', 1, 'TI148', '200008473148', 2, -1),
(588, 'MAJDOUB', 'SAFA', 'safaamejdoub@gmail.com', NULL, '47v15588582Vu48My', 1, 'TI149', '200008473149', 2, -1),
(589, 'REFAI', 'SANA', 'sana.refai@gmail.com', NULL, '1F78Y5891AZbF6BK4', 1, 'TI150', '200008473150', 2, -1),
(590, 'EDDAI', 'EL AMJED', '', NULL, 'hIHEd5901bK0D2Rp2', 1, 'VA001', '200008665001', 2, -1),
(591, 'BEN AMOR', 'HEDI', '', NULL, '9pnCT591tJGRtQpO1', 1, 'VA002', '200008665002', 2, -1),
(592, 'FERJANI', 'HAMADI', '', NULL, 'BYUol59229eQTSnDf', 1, 'VA003', '200008665003', 2, -1),
(593, 'BOKRI', 'HANENE', 'bokri.hanene@yahoo.fr', NULL, 'ucGVt593AF7PtnRVb', 1, 'VA004', '200008665004', 2, -1),
(594, 'BEN OTHMAN', 'HANEN', 'hanenb.oth@gmail.com', NULL, 'o1TD95947Y650Ju67', 1, 'VA005', '200008665005', 2, -1),
(595, 'BRAHIM', 'KHAOULA', 'khaoula_brahim@yahoo.fr', NULL, '25AK459509NMDRQD9', 1, 'VA006', '200008665006', 2, -1),
(596, 'ZGUEB', 'RIHAB', 'rihab_zgueb@yhoo.fr', NULL, '7Fe16596r94wmGO61', 1, 'VA007', '200008665007', 2, -1),
(597, 'REJEB', 'ROUKAYA', 'roukayarejeb@yahoo.com', NULL, 'Wu0c1597Yj6jfY71i', 1, 'VA008', '200008665008', 2, -1),
(598, 'ZGUEB', 'RIM', 'rim_zgueb@hotmail.fr', NULL, 'B033U598K95Koq7xv', 1, 'VA009', '200008665009', 2, -1),
(599, 'ATTIA', 'ZOUHOUR', 'zohourattia@hotmail.com', NULL, '110rt599gO9n0Bl4j', 1, 'VA010', '200008665010', 2, -1),
(600, 'HAMMAMI', 'SARRA', 'sarra.hammemi@hotmail.com', NULL, 'ij4NW600zt8balcg8', 1, 'VA011', '200008665011', 2, -1),
(601, 'MNARA', 'SLIM', '', NULL, 'pmM7R6015og2rV4QX', 1, 'VA012', '200008665012', 2, -1),
(602, 'BEN HMIDA', 'SLAH', 'slah.benhmida@isetn.rnu.tn', NULL, '66kSf602s9y559mjt', 1, 'VA013', '200008665013', 2, -1),
(603, 'BEN HAMID', 'ADEL', '', NULL, '3s9AB603Y4qwK4fxF', 1, 'VA014', '200008665014', 2, -1),
(604, 'BADIS', 'AFEF', 'badis.afef@gmail.com', NULL, '8k7ce60484q4Yd9u1', 1, 'VA015', '200008665015', 2, -1),
(605, 'GARALI', 'FAKHREDDINE', 'garali_fakhreddine78@gmail.com', NULL, 'iX29l605X186UEs58', 1, 'VA016', '200008665016', 2, -1),
(606, 'ALI SALAH', 'FAWZI', '', NULL, 'nnErC606uI2P2rq4t', 1, 'VA017', '200008665017', 2, -1),
(607, 'BEN SALEM', 'MOHAMED', '', NULL, '8yfFU6070N09GO327', 1, 'VA018', '200008665018', 2, -1),
(608, 'BEN AMARA', 'MAHMOUD', 'ba_mahmoud@yahoo.fr', NULL, 'NL734608D3A1SNXpm', 1, 'VA019', '200008665019', 2, -1),
(609, 'ANTIT', 'MONGI', '', NULL, 'kb59Z609AU1Ypq6vh', 1, 'VA020', '200008665020', 2, -1),
(610, 'CHALLOUF', 'NESSRINE', 'nesrinechallouf@yahoo.fr', NULL, 'HVk3U6105o2tU72E7', 1, 'VA021', '200008665021', 2, -1),
(611, 'HALFAOUI', 'HANA', '', NULL, 'HRcVC611y5s4fPvuT', 1, 'VA022', '200008665022', 2, -1),
(612, 'DEROUICHE', 'HANA', '', NULL, '7v7zj612fJdnz4tM7', 1, 'VA023', '200008665023', 2, -1),
(613, 'BEL HADJ ALI', 'HAIFA', 'haifa.belhadj@gmail.com', NULL, 'qe3gK61397z4UoIEs', 1, 'VA024', '200008665024', 2, -1),
(614, 'BOUAJINA', 'HAYKEL', 'b_hay64@hotmail.com', NULL, 'u6ex361494S209369', 1, 'VA025', '200008665025', 2, -1),
(615, 'DAMERGI', 'LEILA', '', NULL, 'qSDnR615eXrZ8w7YC', 1, 'VA026', '200008665026', 2, -1),
(616, 'BEN JABER', 'CHOUROUK', '', NULL, 'ojXz96163gh1rlb6W', 1, 'VA027', '200008665027', 2, -1),
(617, 'HAMZA', 'MANEL', '', NULL, '9vHBj6178i4i0bB46', 1, 'VA028', '200008665028', 2, -1),
(618, 'CHABCHOUB', 'MED HEDI', '', NULL, '9CA97618nC5CDDs62', 1, 'VA029', '200008665029', 2, -1),
(619, 'BECHEIKH', 'MED KARIM', '', NULL, '9C5vQ619k2xi2Y49Z', 1, 'VA030', '200008665030', 2, -1),
(620, 'EL AISSI', 'MOHSEN', '', NULL, 'GwLg6620epEnK5RSQ', 1, 'VA031', '200008665031', 2, -1),
(621, 'MAHJOUB', 'HAYTHEM', 'mahjoub.haithem@gmail.com', NULL, 'focme6217Eo5M8X2k', 1, 'VA032', '200008665032', 2, -1),
(622, 'ABIDI', 'HATEM', '', NULL, '3OaJd622M4xtM3ii9', 1, 'VA033', '200008665033', 2, -1),
(623, 'ELLEUCH', 'NESSRINE', 'nesrine.elleuch@gmail.com', NULL, '12EHd623noq3ssgQy', 1, 'VA034', '200008665034', 2, -1),
(624, 'HEMDANE', 'SABRINE', 'sabrinehamdenne@gmail.com', NULL, '3cYPj6243QI1bChyS', 1, 'VA035', '200008665035', 2, -1),
(625, 'ABDOU', 'MED BECEM', 'mohamedbasem.abdou@gmail.com', NULL, 'Cts50625C11b425r0', 1, 'VA036', '200008665036', 2, -1),
(626, 'CHEMANGUI', 'NIZAR', 'nizar.chemingui@gmail.com', NULL, 'EAnR9626vl7aRYqwZ', 1, 'VA037', '200008665037', 2, -1),
(627, 'BAHROUN', 'SARAH', 'sarahbahroun15@gmail.com', NULL, 'c7J53627N31bwz341', 1, 'VA038', '200008665038', 2, -1),
(628, 'BOUSSLAMA', 'SLAH EDDINE', '', NULL, 'R1oy4628g55uF4vHN', 1, 'VA039', '200008665039', 2, -1),
(629, 'BEN FRAJ', 'NIZAR', '', NULL, 'P795v629mO30E4dyq', 1, 'VA040', '200008665040', 2, -1),
(630, 'HAMDOUN', 'IMEN', 'imene.hamdoun@gmail.com', NULL, 'ID473630LqwmTrZOK', 1, 'VA041', '200008665041', 2, -1),
(631, 'BEN DHAFER', 'MOHSSEN', '', NULL, 'c9cEe631c5UYU8gn0', 1, 'VA042', '200008665042', 2, -1),
(632, 'DIMASSI', 'WAEL', '', NULL, '5959m632egJDy1L7Z', 1, 'VA043', '200008665043', 2, -1),
(633, 'MESSADI', 'AMEL', 'amal.messadi@yahoo.com', NULL, '9vpoe6338yLAZ5VyH', 1, 'VA044', '200008665044', 2, -1),
(634, 'HAMMAMI', 'MAHA', 'hammami,maha91@gmail,com', NULL, '0VQ5M634XPKvhAVVf', 1, 'VA045', '200008665045', 2, -1),
(635, 'GHAZOUANI', 'ABDELKADER', '', NULL, '7R1Y5635z4ePVk6Ml', 1, 'VA047', '200008665047', 2, -1),
(636, 'DIMASSI', 'MALEK', '', NULL, 'm6YaA636yPp80wqQM', 1, 'VA048', '200008665048', 2, -1),
(637, 'ZGOLLI', 'NAWEL', '', NULL, 'PJyjE6376GqL8rLI8', 1, 'VA049', '200008665049', 2, -1),
(638, 'MOULA', 'MED ALI', '', NULL, '5qA5G638B9h3nX4z2', 1, 'VA050', '200008665050', 2, -1),
(639, 'INFORMATQUE1', 'XXXXX GM XXXX', '', NULL, 'dPpXq639SxX5tLOK0', 1, 'VA051', '200008665051', 2, -1),
(640, 'MANSOUR', 'MED JAOUHER', '', NULL, '7GGY4640gea4qpz78', 1, 'VA052', '200008665052', 2, -1),
(641, 'MASTOURI', 'MENIAR', '', NULL, '2JaZ5641hPS9tJ1Ba', 1, 'VA053', '200008665053', 2, -1),
(642, 'ABDELHAMID', 'MOHAMED', '', NULL, '2W67h642FWp4h0V9K', 1, 'VA054', '200008665054', 2, -1),
(643, 'ABBES', 'ALI', 'aly.abbes@gmail.com', NULL, 'Xy7JY643bsv5foeh8', 1, 'VA056', '200008665056', 2, -1),
(644, 'ALLOUS', 'CHAKER', 'chekerallous@gmail.com', NULL, 'au1rr644KpfoWagXF', 1, 'VA059', '200008665059', 2, -1),
(645, 'CHIBOUB', 'AMIRA', '', NULL, 'A9zmn645QAmAhg1WS', 1, 'VA060', '200008665060', 2, -1),
(646, 'KAROUI EP. CHAABEN', 'AMNA', 'emnakaroui@yahoo.fr', NULL, 'DM7FF646e0oQT8k1Z', 1, 'VA061', '200008665061', 2, -1),
(647, 'GRAMI', 'MARWA', '', NULL, 'l0D51647253JgJ53a', 1, 'VA062', '200008665062', 2, -1),
(648, 'LACHHEB', 'AYMEN', '', NULL, '96z0X648157V5hB3p', 1, 'VA065', '200008665065', 2, -1),
(649, 'GROUZ', 'NEJLA', '', NULL, 'P9d85649Ij59w9BVT', 1, 'VA066', '200008665066', 2, -1),
(650, 'BEN SLAMA', 'SONIA', '', NULL, '5v608650LIojj6C6w', 1, 'VA067', '200008665067', 2, -1),
(651, 'CHAABANI', 'YASSMINE', 'chaabanijasmin@gmail.com', NULL, 'dj303651RySnXr34i', 1, 'VA068', '200008665068', 2, -1),
(652, 'DRIDI', 'AMANI', '', NULL, 'vSnT1652v92D4MFrg', 1, 'VA069', '200008665069', 2, -1),
(653, 'MHEMMED', 'ABDERRAHMAN', '', NULL, '3bITD6536tdM6gIzw', 1, 'VA070', '200008665070', 2, -1),
(654, 'NAJJAR', 'CHIRAZ', 'chiraz.najjar.drsn@gmail.com', NULL, 'YHsRu654b1LBx89r1', 1, 'VA072', '200008665072', 2, -1),
(655, 'SNOUSSI', 'HAFEDH', '', NULL, 'PN7a9655UVk2EImYB', 1, 'VA073', '200008665073', 2, -1),
(656, 'SALLEM', 'HANA', '', NULL, 'Z45sB656YTPUgr7ZR', 1, 'VA074', '200008665074', 2, -1),
(657, 'ZOUARI', 'HELA', '', NULL, 'Y9e3s6570Hd5NB2HP', 1, 'VA075', '200008665075', 2, -1),
(658, 'BECHEIKH', 'HOUAIDA', 'b.cheikhhouaida@gmail.com', NULL, 'ST203658KFWDTWhM4', 1, 'VA076', '200008665076', 2, -1),
(659, 'JEDIDI', 'JAMILA', '', NULL, 'DBz6V6599vGHDfm25', 1, 'VA077', '200008665077', 2, -1),
(660, 'JERBI', 'MAHRANE', '', NULL, 'UTTbN6605QBiSsUy1', 1, 'VA078', '200008665078', 2, -1),
(661, 'KANI', 'MARWA', 'kani.marwa07@gmail.com', NULL, '2w72Z661i4P8DkAOm', 1, 'VA079', '200008665079', 2, -1),
(662, 'ZIADI', 'MEHDI', '', NULL, 'qV0KH662E7qVLdcq6', 1, 'VA080', '200008665080', 2, -1),
(663, 'BOUZID', 'SIWAR', 'siwar.bouzid2@gmail.com', NULL, 'Cb0i76632o19KdjN1', 1, 'VA081', '200008665081', 2, -1),
(664, 'BEN SALEM', 'SOUROUR', '', NULL, '4A3Z5664t9g5Amk4M', 1, 'VA082', '200008665082', 2, -1),
(665, 'HAMZAOUI', 'WISSEM', '', NULL, 'tH8qG665lEk0HI2m3', 1, 'VA083', '200008665083', 2, -1),
(666, 'EL JAZI', 'SABRI', '', NULL, '91UkR666Q0VvW0ven', 1, 'VA084', '200008665084', 2, -1),
(667, 'AYED', 'ACHRAF', 'achraf.ayed@gmail.com', NULL, 'M0Z0n667KAtp0u6iY', 1, 'VA085', '200008665085', 2, -1),
(668, 'CHERIF', 'RABEB', 'rabebcherif@gmail.com', NULL, 'l65JO668TCJlwtfhp', 1, 'VA086', '200008665086', 2, -1),
(669, 'CHELLY', 'NEDIA', 'chellynadia05@gmail.com', NULL, 'ARr8q669oGwy58h2P', 1, 'VA087', '200008665087', 2, -1),
(670, 'AMARA', 'NEHLA', '', NULL, '01d1w670n8d5W0F5X', 1, 'VA101', '200008665101', 2, -1),
(671, 'FERCHICHI', 'FATMA', 'fatma.nadine@gmail.com', NULL, 'M492S671Bo19Eb8it', 1, 'VA102', '200008665102', 2, -1),
(672, 'DHOUIHRI', 'CHIHEB', '', NULL, 'Yn7s8672Vp2WPN5Lf', 1, 'VA103', '200008665103', 2, -1),
(673, 'DRIDI', 'YASMINE', 'jasmine.drydy@gmail.com', NULL, '0V761673V38sTFbZY', 1, 'VA104', '200008665104', 2, -1),
(674, 'SALEM', 'AMENI', 'salem_ameni@yahoo.fr', NULL, 'Lz0jh674RD7IdU3r9', 1, 'VA105', '200008665105', 2, -1),
(675, 'MESSAADI', 'AIDA', '', NULL, '4YbBE675WRkKh9Ay4', 1, 'VA106', '200008665106', 2, -1),
(676, 'MOUINE', 'NARJESS', '', NULL, 'Dxz9w676l1JgEdD15', 1, 'VA107', '200008665107', 2, -1),
(677, 'FEKIH', 'AHMED', '', NULL, 'daeQo677cMymJvL0a', 1, 'VA108', '200008665108', 2, -1),
(678, 'CHAAWANI', 'HOUDA', '', NULL, 'a7DT0678vebCdErZG', 1, 'VA109', '200008665109', 2, -1),
(679, '?????????', '?????', '', NULL, 'VtRfu6798gd9HFU1L', 1, 'XX999', '200008888999', 2, -1);

--
-- Contraintes pour les tables déchargées
--

--
-- Contraintes pour la table `hardware`
--
ALTER TABLE `hardware`
  ADD CONSTRAINT `hardware_ibfk_1` FOREIGN KEY (`IDModel`) REFERENCES `model_hardware` (`IDModel`) ON DELETE CASCADE ON UPDATE CASCADE,
  ADD CONSTRAINT `hardware_ibfk_2` FOREIGN KEY (`IDMagasin`) REFERENCES `magasin` (`IDMagasin`) ON DELETE CASCADE ON UPDATE CASCADE,
  ADD CONSTRAINT `hardware_ibfk_3` FOREIGN KEY (`IDFournisseur`) REFERENCES `fournisseur` (`IDFournisseur`) ON DELETE CASCADE ON UPDATE CASCADE,
  ADD CONSTRAINT `hardware_ibfk_4` FOREIGN KEY (`IDSalle`) REFERENCES `salle` (`IDSalle`) ON DELETE CASCADE ON UPDATE CASCADE;

--
-- Contraintes pour la table `intervention`
--
ALTER TABLE `intervention`
  ADD CONSTRAINT `intervention_ibfk_1` FOREIGN KEY (`IDHardware`) REFERENCES `hardware` (`IDHardware`) ON DELETE CASCADE ON UPDATE CASCADE,
  ADD CONSTRAINT `intervention_ibfk_2` FOREIGN KEY (`IDSalle`) REFERENCES `salle` (`IDSalle`) ON DELETE CASCADE ON UPDATE CASCADE,
  ADD CONSTRAINT `intervention_ibfk_3` FOREIGN KEY (`IDUtilisateur`) REFERENCES `utilisateur` (`IDUtilisateur`) ON DELETE CASCADE ON UPDATE CASCADE,
  ADD CONSTRAINT `intervention_ibfk_4` FOREIGN KEY (`IDAdmin`) REFERENCES `admin` (`IDAdmin`) ON DELETE CASCADE ON UPDATE CASCADE;

--
-- Contraintes pour la table `louer_hardware`
--
ALTER TABLE `louer_hardware`
  ADD CONSTRAINT `louer_hardware_ibfk_1` FOREIGN KEY (`IDAdmin`) REFERENCES `admin` (`IDAdmin`) ON DELETE CASCADE ON UPDATE CASCADE,
  ADD CONSTRAINT `louer_hardware_ibfk_3` FOREIGN KEY (`IDUtilisateur`) REFERENCES `utilisateur` (`IDUtilisateur`) ON DELETE CASCADE ON UPDATE CASCADE,
  ADD CONSTRAINT `louer_hardware_ibfk_4` FOREIGN KEY (`IDModel`) REFERENCES `model_hardware` (`IDModel`) ON DELETE CASCADE ON UPDATE CASCADE;

--
-- Contraintes pour la table `magasin`
--
ALTER TABLE `magasin`
  ADD CONSTRAINT `magasin_ibfk_1` FOREIGN KEY (`IDSalle`) REFERENCES `salle` (`IDSalle`) ON DELETE CASCADE ON UPDATE CASCADE;

--
-- Contraintes pour la table `message`
--
ALTER TABLE `message`
  ADD CONSTRAINT `message_ibfk_1` FOREIGN KEY (`IDUtilisateur`) REFERENCES `utilisateur` (`IDUtilisateur`) ON DELETE CASCADE ON UPDATE CASCADE;

--
-- Contraintes pour la table `model_hardware`
--
ALTER TABLE `model_hardware`
  ADD CONSTRAINT `model_hardware_ibfk_1` FOREIGN KEY (`IDMarque`) REFERENCES `marque` (`IDMarque`) ON DELETE CASCADE ON UPDATE CASCADE;

--
-- Contraintes pour la table `reclamation_hardware`
--
ALTER TABLE `reclamation_hardware`
  ADD CONSTRAINT `reclamation_hardware_ibfk_1` FOREIGN KEY (`IDEtat`) REFERENCES `etat` (`IDEtat`) ON DELETE CASCADE ON UPDATE CASCADE,
  ADD CONSTRAINT `reclamation_hardware_ibfk_2` FOREIGN KEY (`IDIntervention`) REFERENCES `intervention` (`IDIntervention`) ON DELETE CASCADE ON UPDATE CASCADE,
  ADD CONSTRAINT `reclamation_hardware_ibfk_3` FOREIGN KEY (`IDHardware`) REFERENCES `hardware` (`IDHardware`) ON DELETE CASCADE ON UPDATE CASCADE,
  ADD CONSTRAINT `reclamation_hardware_ibfk_4` FOREIGN KEY (`IDUtilisateur`) REFERENCES `utilisateur` (`IDUtilisateur`) ON DELETE CASCADE ON UPDATE CASCADE;

--
-- Contraintes pour la table `relation_hardware`
--
ALTER TABLE `relation_hardware`
  ADD CONSTRAINT `relation_hardware_ibfk_1` FOREIGN KEY (`IDHardware1`) REFERENCES `hardware` (`IDHardware`) ON DELETE CASCADE ON UPDATE CASCADE,
  ADD CONSTRAINT `relation_hardware_ibfk_2` FOREIGN KEY (`IDHardware2`) REFERENCES `hardware` (`IDHardware`) ON DELETE CASCADE ON UPDATE CASCADE;

--
-- Contraintes pour la table `salle`
--
ALTER TABLE `salle`
  ADD CONSTRAINT `salle_ibfk_1` FOREIGN KEY (`IDBloc`) REFERENCES `bloc` (`IDBloc`) ON DELETE CASCADE ON UPDATE CASCADE;

--
-- Contraintes pour la table `utilisateur`
--
ALTER TABLE `utilisateur`
  ADD CONSTRAINT `utilisateur_ibfk_1` FOREIGN KEY (`Role`) REFERENCES `role` (`IDRole`) ON DELETE SET NULL ON UPDATE SET NULL;
COMMIT;

/*!40101 SET CHARACTER_SET_CLIENT=@OLD_CHARACTER_SET_CLIENT */;
/*!40101 SET CHARACTER_SET_RESULTS=@OLD_CHARACTER_SET_RESULTS */;
/*!40101 SET COLLATION_CONNECTION=@OLD_COLLATION_CONNECTION */;
